Estonian Name,Latin Name,Category,EELIS link,strategy_present,strategy_file,Tüüp,Nimi ladina k,Nimi eesti k,Nimi inglise k,Rühm,Kaitsekategooria,Kirjeldus,Direktiivi lisad,Liigi ohustatuse hinnang,Ohutegurite kirjeldus,Liigi tegevuskava,"Kaitsealused alad, kus on kaitse eesmärgiks",Elupaik,Elupaiga seisund,Ohud,Populatsiooni muutused Eestis,Uuringud,Seisund ELis,Kokkuvõte,Analyze_by_sisukord,Kokkuvõte_text
väike-laukhani,Anser erythropus,I,https://infoleht.keskkonnainfo.ee/lnim/1348174756,True,Vaike-laukhani_KTK_eelnou_24.07.2015.pdf,Kaitsealune liik,Anser erythropus,väike-laukhani,Lesser White-fronted Goose,Linnud,I kategooria,,Linnudirektiivi I lisa,2. Kriitilises seisundis (01.04.2019),,Väike-laukhane (Anser erythropus) kaitse tegevuskava Vaike-laukhani_KTK_eelnou_24.07.2015,Sookuninga looduskaitseala (KLO1000317) Riksu ranniku hoiuala (KLO2000327) Nigula looduskaitseala (KLO1000213) Väinamere hoiuala (Hiiu) (KLO2000340) Väinamere hoiuala (Saare) (KLO2000339) Silma looduskaitseala (KLO1000197) Väinamere hoiuala (Pärnu) (KLO2000300) Matsalu rahvuspark (KLO1000300) Väinamere hoiuala (Läänemaa) (KLO2000241),1.4 Pesitsemine,4. Kaitsestaatus ja senise kaitse tõhususe analüüs,5. Ohutegurid,2.2 Levik ja arvukus Eestis,"3. Ülevaade uuringutest ja inventuuridest, 2.2 Levik ja arvukus",2.1 Levik ja arvukus maailmas,KOKKUVÕTE,True,
madukotkas,Circaetus gallicus,I,https://infoleht.keskkonnainfo.ee/lnim/-1839900509,False,EE907_mgt200116.pdf,Kaitsealune liik,Circaetus gallicus,madukotkas,Short-toed Snake Eagle,Linnud,I kategooria,,Linnudirektiivi I lisa,2. Kriitilises seisundis (30.03.2019),"Eesti tillukesele madukotka-asurkonnale sai nähtavasti saatuslikuks arvukuse kahanemine areaali keskosas, millele järgnes levila põhjapiiri tagasitõmbumine. Suurimaks kohalikuks ohuks on pesitsuspiirkondades tehtavad metsatööd (Ots 2018).",,Läänemaa Suursoo maastikukaitseala (KLO1000124) Endla looduskaitseala (KLO1000174),,,,,,,,False,"Siin on tekst, mis on seotud madukotkaga (Circaetus gallicus):

---

Madukotkas (Circaetus gallicus) on liik, mille esinemise ja leviku kohta täpsemad andmed puuduvad. Kuna madukotka pesitsemist pärsivad ebasoodsad ilmastikutingimused ning loodusmaastike kadumine, siis kaitsekorralduskavaga eesmärke ei seata. Madukotka arvukuseks hinnatakse kogu Eestis kuni 5 paarini. Tegu on lõunapoolsema liigiga, kelle pesitsemine võib toimuda mõnel pikal suvel. Viimane teadaolev pesitsus on registreeritud 1970-ndate alguses. Madukotka toitumisalad on säilinud, kuid tema elupaikade kvaliteedi halvenemine ja ebasoodsad keskkonnatingimused võivad mõjutada liigi edasist säilimist.  Madukotka pesitsuskohtade tuvastamine on keeruline, kuna pesitsuskoha asukoht on teadmata ning peamine mittepesitsemise põhjus on suve lühike kestus.

--- 

See tekst toob esile madukotka esinemise, pesitsemise ja elupaikadega seotud probleemid."
suur-konnakotkas,Aquila clanga,I,https://infoleht.keskkonnainfo.ee/lnim/-1378992638,False,Suur-konnakotka%20tegevuskava.pdf,Täpsustamata liik (nt. segapaar),Clanga pomarina x Clanga clanga,väike-konnakotkas x suur-konnakotkas,Hybrid Lesser Spotted Eagle x Greater Spotted Eagle,Linnud,I kategooria,,,,,,Kabala väike-konnakotka ja suur-konnakotka segapaari püsielupaik (KLO3002628) Nasja väike-konnakotka ja suur-konnakotka segapaari püsielupaik (KLO3002430) Koppelmaa väike-konnakotka ja suur-konnakotka segapaari püsielupaik (KLO3000917) Turvalepa väike-konnakotka ja suur-konnakotka segapaari püsielupaik (KLO3001137) Nasja väike-konnakotka ja suur-konnakotka segapaari püsielupaiga sihtkaitsevöönd (KLO3102774) Rütavere väike-konnakotka ja suur-konnakotka segapaari püsielupaiga sihtkaitsevöönd (KLO3102921) Rütavere väike-konnakotka ja suur-konnakotka segapaari püsielupaiga sihtkaitsevöönd (KLO3103260) Rumba väike-konnakotka ja suur-konnakotka segapaari püsielupaik (KLO3002690) Viru-Kabala väike-konnakotka ja suur-konnakotka segapaari püsielupaik (KLO3002627) Iigaste väike-konnakotka ja suur-konnakotka segapaari püsielupaiga sihtkaitsevöönd (KLO3103298) Rütavere väike-konnakotka ja suur-konnakotka segapaari püsielupaik (KLO3002985) Nasja väike-konnakotka ja suur-konnakotka segapaari püsielupaik (KLO3002298) Keskvere väike-konnakotka ja suur-konnakotka segapaari püsielupaik (KLO3001993) Nasja väike-konnakotka ja suur-konnakotka segapaari püsielupaiga sihtkaitsevöönd (KLO3102635) Tabria väike-konnakotka ja suur-konnakotka segapaari püsielupaik (KLO3001410) Turvalepa 11 väike-konnakotka ja suur-konnakotka segapaari püsielupaik (KLO3001309) Viru-Kabala väike-konnakotka ja suur-konnakotka segapaari püsielupaiga sihtkaitsevöönd (KLO3102844) Iigaste väike-konnakotka ja suur-konnakotka segapaari püsielupaik (KLO3003023) Kabala väike-konnakotka ja suur-konnakotka segapaari püsielupaiga sihtkaitsevöönd (KLO3102845) Rumba väike-konnakotka ja suur-konnakotka segapaari püsielupaiga sihtkaitsevöönd (KLO3102917) Nasja väike-konnakotka ja suur-konnakotka segapaari püsielupaiga sihtkaitsevöönd (KLO3102641) Nasja väike-konnakotka ja suur-konnakotka segapaari püsielupaik (KLO3002317) Rütavere väike-konnakotka ja suur-konnakotka segapaari püsielupaik (KLO3002694) Turvalepa 11 väike-konnakotka ja suur-konnakotka püsielupaiga segapaari sihtkaitsevöönd (KLO3101521) Kilksama väike-konnakotka ja suur-konnakotka segapaari püsielupaik (KLO3001082),1.1.1. Elupaik,"7.1. Riiklik seire – arvukuse, sigimisedukuse ja elupaikade seisundi jälgimine","5.1. Saagialade hävinemine ja kahjustamine, 5.2. Pesapaikade hävinemine, 5.3. Pesitsusaegne häirimine, 5.4. Tahtlik tapmine, kaubandus munade ja poegadega, 5.5. Keskkonnamürgid, 5.6. Hukkumine elektriliinides, tuuleparkides ja teedel, 5.7. Geneetiline vaesumine, 5.8. Hübridiseerumine väike-konnakotkaga",1.2.2. Levik ja arvukus Eestis,"2.2. Ülevaade Eestis läbiviidud uuringutest 2015–2019, 2.3. Eesti teadlaste osalusel valminud rahvusvahelised teadusuuringud",1.2.1. Levik ja arvukus maailmas,Kokkuvõte,True,
väikepistrik,Falco columbarius,I,https://infoleht.keskkonnainfo.ee/lnim/-1520856611,False,elk_2020_est.pdf,Kaitsealune liik,Falco columbarius,väikepistrik,Merlin,Linnud,I kategooria,"Väikepistrik (Falco columbarius) on kohatise levikuga tugeva langustrendiga haudelind, kes on Eesti punase nimestiku kohaselt ohualtis seisus ning kes on arvatud looduskaitseseaduse alusel haruldase ja hävimisohus liigina I kategooria kaitsealuste liikide hulka.",Linnudirektiivi I lisa,2. Kriitilises seisundis (31.03.2019),,,Kõrvemaa maastikukaitseala (KLO1000265) Läänemaa Suursoo maastikukaitseala (KLO1000124) Endla looduskaitseala (KLO1000174) Peipsiveere looduskaitseala (KLO1000624) Alutaguse rahvuspark (KLO1000669) Rubina looduskaitseala (KLO1000192) Suursoo-Leidissoo hoiuala (Läänemaa) (KLO2000154) Nätsi-Võlla looduskaitseala (KLO1000201) Lihula looduskaitseala (KLO1000747) Lavassaare looduskaitseala (KLO1000645) Avaste looduskaitseala (KLO1000464) Vooremaa maastikukaitseala (KLO1000294) Leidissoo looduskaitseala (KLO1000263),,,,,,,,False,"Väikepistrik on üks liikidest, mille arvukus on langenud. See on seotud metsalindude üldise arvukuse langusega, mis on alguse saanud pärast 2000. aastat. Viimaste arvukushinnangute kohaselt on väikepistrik koos teiste langustrendis liikidega järsult vähenenud, sealhulgas metsade, niitude ja märgalade ökosüsteemide muutuste tõttu. Eutrofeerumine ja muud keskkonna muutused, sealhulgas maaparandus ning intensiivistunud maakasutus, on tugevalt mõjutanud väikepistrikute ning teiste haudelinnuliikide elupaiku ja populatsiooni. 

Viimase 40 aasta jooksul on väikepistrikute positsioon haudelindude seas halvenenud, olles üks 30 langustrendis liigist, mis on otseselt seotud Eesti raba- ja märgalade ökosüsteemi muutustega."
rabapistrik,Falco peregrinus,I,https://infoleht.keskkonnainfo.ee/lnim/1879781850,False,EE1962_mgt180119.pdf,Kaitsealune liik,Falco peregrinus,rabapistrik,Peregrine Falcon,Linnud,I kategooria,,Linnudirektiivi I lisa,1. Piirkonnas välja surnud (31.03.2019),,,,,,,,,,,False,"Tolkuse rabas pesitsemas rabapistrik, rabapüü ja kassikakk. Vastavate uuringute tulemusena selgitati välja Tolkuse raba üldine linnustiku koosseis. Tolkuse ja Maasika rabade haudelinnustiku inventuurid on toimunud, sealhulgas rabapistrikust teavitamine, mis viitab selle liigi kohalolekule. Rabapistrik on osa riiklikust seireprogrammist, mille raames viiakse läbi süsteemseid loendusi ning seiret, et jälgida raba linnustiku koosseisu ja arvukust. Tolkuse raba on seirealaks, kus on märgatud rabapistrik, mis tõstab esile selle linna elupaiga olulisust."
tutkas,Philomachus pugnax,I,https://infoleht.keskkonnainfo.ee/lnim/289852512,False,EE905_mgt200114.pdf,,Philomachus pugnax,tutkas,Ruff,Linnud,,,,,,,,,,,,,,,False,"Tutkas (Philomachus pugnax) on Eestis langeva arvukusega harv haudelind, kes pesitseb avamaastikel – lamminiitudel. Alam-Pedja LLA-l on tutkaste elupaigad ja pesitsustingimused, samuti rändepeatuskohad säilinud. Eestis on tutkas ennekõike niiskete heinamaade lind, kaitsealuseid liike kokku rukkirääk, sookurg, rohunepp, vöötsaba-vigle, mustsaba-vigle, tutkas, punajalg-tilder, kiivitaja, väikekajakas, mustviires, hallõgija.  

Alam-Pedja LLA kaitse-eesmärgiks on 48 linnuliiki, sealhulgas tutkas, kes on alal ja seega nende elupaigad vajavad kaitset. Tutkas on kaitsealal kaalutud 61–110 paari, mille hulk võib varieeruda maksimumini. Rüüda asurkond on heas seisus ja alal pesitseb vähemalt 80 haudepaari. Pesitsuspaikade kvaliteedi langus ja inimtegevus, nagu niiduhooldus, võivad aga ohustada selle liigi arvukust. 

Tutkas on tõenäoliselt sõltuv lamminiitude ja niiskete heinamaade kvaliteedist, mille järjepidev hooldamine on hädavajalik. Pesitsusaegne häirimine ning röövlus on samuti peamised ohutegurid, mis võivad tutkaste pesitsuspaiku negatiivselt mõjutada. Alam-Pedjal peetakse vajalikuks tutkaste elupaikade ja pesitsuspaikade hoidmine ning nende kvaliteedi tagamine, sealhulgas kindlasti tuleb osutada tähelepanu ka võsastumise ennetamisele nendel aladel."
habekakk,Strix nebulosa,I,https://infoleht.keskkonnainfo.ee/lnim/457236109,False,L%C3%B5pparuanne%20-%20%C3%9Cle-eestiline%20maismaalinnustiku%20anal%C3%BC%C3%BCs_0.pdf,Kaitsealune liik,Strix nebulosa,habekakk,Great Grey Owl,Linnud,I kategooria,,Linnudirektiivi I lisa,2. Kriitilises seisundis (29.03.2019),"Habekakk eelistab pesapaigana vanu küpseid metsi. Selliste puistute raiet peetaksegi habekakule peamiseks ohuks, sest kaovad potentsiaalsed pesapaigad; teisalt võivad väikesed langid levikut isegi soodustada, pakkudes uusi saagijahialasid. Kindlasti tuleb ohutegurina arvestada ka häirimise suurenevat mõju ning sobivate saagialade – metsasiseste väikeste niitude ja soode kinnikasvamist (Väli 2018).",,Kõrvemaa maastikukaitseala (KLO1000265),Lisa 4.10. Habekakk (Strix nebulosa),Lisa 4.10. Habekakk (Strix nebulosa),"Lisa 4.10. Habekakk (Strix nebulosa), 5.1.2 Hukkumissageduse modelleerimine ja populatsioonimudelid","Lisa 4.10. Habekakk (Strix nebulosa), 3.3.1 Sookurg","5.1.3 Radaruuring, 5.1.4 Haudelinnud, 5.1.5 Põllumajandusmaastikul toituvad suurlinnud (luiged, haned, sookurg)",5.1.6 Ilmaradarite mõõtmistulemuste kasutusvõimalustest lindude rände uurimisel,Kokkuvõte,True,
siniraag,Coracias garrulus,I,https://infoleht.keskkonnainfo.ee/lnim/-1980803519,False,Luitemaa%20kaitsekorralduskava%2012.04.2021%20redaktsioon.pdf,Kaitsealune liik,Coracias garrulus,siniraag,European Roller,Linnud,I kategooria,,Linnudirektiivi I lisa,2. Kriitilises seisundis (26.04.2019),"Peamiseks siniraa arvukuse languse põhjuseks kogu Euroopaspeetakse sobivate elupaikade kadumist muutuva põllumajanduspraktika tõttu, pesitsuspaikade hävimist ning pestitsiidide intensiivsemat kasutamist. Liigi arvukuse languses mängib ilmselt väga olulist rolli ka Ida-Aafrika talvitusalade keskkonnaseisund, sest seal on ohtlikud kemikaalid nagu DDT jätkuvalt kasutusel. Samuti jahitakse teiste lindude hulgas siniraagasid ka rändeteel. Levila servaaladel säilinud väikesearvulisi asurkondi võib hakata ohustama geograafilisest ja geneetilisest isoleeritusest johtuv inbriiding.",,Koiva-Mustjõe maastikukaitseala (KLO1000308) Koiva-Mustjõe luha hoiuala (KLO2000116),,,,,,,,False,
järvekaur,Gavia arctica,II,https://infoleht.keskkonnainfo.ee/lnim/265069871,False,EE907_mgt200116.pdf,Kaitsealune liik,Gavia arctica,järvekaur,Black-throated Diver,Linnud,II kategooria,,Linnudirektiivi I lisa,2. Kriitilises seisundis (29.03.2019),"Peamised ohud pesitsusaladel on häirimine, soode kuivendamine, veekogude eutrofeerumine, turbakaevandamine ja kaaspüük.",,"Küdema lahe hoiuala (KLO2000318) Matsalu rahvuspark (KLO1000300) Väinamere hoiuala (Läänemaa) (KLO2000241) Neugrundi looduskaitseala (KLO1000753) Gretagrundi hoiuala (KLO2000344) Põhja-Kõrvemaa looduskaitseala (KLO1000598) Kura kurgu hoiuala (KLO2000316) Neugrundi LKA, Neugrundi skv. (KLO1102011) Hino maastikukaitseala (KLO1000171) Koorunõmme hoiuala (KLO2000315) Endla looduskaitseala (KLO1000174)",,,,,,,,False,"Järvekaur (Gavia arctica) esineb järgmistes lõikudes:

1. **Lõik 1**: ""ÜLDSÄTTED järvekaur (Gavia arctica), punakurk-kaur (Gavia stellata), värbkakk (Glaucidium soopart e pahlsaba-part (Anas acuta), luitsnokk-part (Anas clypeata), piilpart (Anas crecca)...""

2. **Lõik 2**: ""järvekaur (Gavia arctica), taimestiku kaitse kohta I lisas nimetatud elupaigatüüpide kaitse ja taastamine. Need liigirikkad niidud lubjavaesel mullal (6270*), niiskuslembesed kõrgrohustud (6430)...""

3. **Lõik 3**: ""järvekaur Gavia arctica II I lisa jah jah enam ei pesitse, 10161 ha suurune Endla looduskaitseala on maa omandivormilt valdavalt riigimaa.""

Kombineeritud tekst:

Järvekaur (Gavia arctica) esineb seadusandlikes dokumendis, kus ta on loetletud koos teiste liikidega, sealhulgas punakurk-kaur (Gavia stellata) ja värbkakk (Glaucidium soopart e pahlsaba-part (Anas acuta), luitsnokk-part (Anas clypeata), piilpart (Anas crecca). Ta on osa taimestiku kaitse alusest, kus märgitakse, et järvekauri kaitse ja taastamine on oluline, ning et see liik on seotud liigirikkad niidud, mis on lubjavaesel mullal ja niiskuslembesed kõrgrohustud. Järvekaur (Gavia arctica) on ka mainitud Endla looduskaitseala kontekstis, kus öeldakse, et liik enam ei pesitse, ja kaitseala pindala on 10161 ha, olles valdavalt riigimaa."
väikeluik,Cygnus columbianus,II,https://infoleht.keskkonnainfo.ee/lnim/-1768028273,False,vaikeluige_ktk_14.03.2018.pdf,,Cygnus columbianus,väikeluik,,Linnud,,,,,,,,"1. Väikeluige bioloogia, levik ja arvukus, 1.4. Levik ja arvukus Eestis, 6.1. Leiukoha pindalalise kaardistamise põhimõtted","1.4. Levik ja arvukus Eestis, 5. Ohutegurid, 6.3. Liigi soodsa seisundi tagamise tingimused","5. Ohutegurid, 5.1. Kokkupõrked tehiskonstruktsioonidega, 5.2. Häirimine, 5.3. Jahipidamine ja pliihaavlite kasutamine, 5.4. Toitumisalade seisundi halvenemine, 5.5. Ööbimiskohtade hävimine rändeteel, 5.6. Reostus, 5.7. Röövlus, 3. Kaitsestaatus ja senise kaitse tõhususe analüüs","1.4. Levik ja arvukus Eestis, 2.1. Luikede seire","2. Viimasel viiel aastal tehtud uuringud, inventuurid ja üritused, 2.1. Luikede seire, 2.2. Väikeluikede rändekogumite inventuur, 2.3. Rahvusvaheline koostöö, 2.4. Avalikuse teavitamine","1.2. Väikeluige levik (Loode-Euroopa populatsioon), 4. Tegevuskava eelmise perioodi (2013–2017) täitmine",Kokkuvõte,True,
kirjuhahk,Polysticta stelleri,II,https://infoleht.keskkonnainfo.ee/lnim/-511214118,False,A2%20Paljassaare%20kaitsekorralduskava%2C%20projektiala%2038.pdf,Kaitsealune liik,Polysticta stelleri,kirjuhahk,Steller's Eider,Linnud,II kategooria,,Linnudirektiivi I lisa,3. Väljasuremisohus (15.03.2019),"Liik konsentreerub suhteliselt väiksele alale, mis kattub paljus inimtegevusega. Eestis ohuteguriteks on häirimine (laevaliiklus, traalerid, paadid), õlireostus, kaaspüük ja merele rajatav infrastruktuur (rohkem tuleviku ohutegur). Kliima soojenemise mõju raskelt prognoositav: meri võib soolasemaks muutuda (merepinna tõus, soodne liigile) aga ka magedamaks muutuda (sademete hulga kasv, meri võib magedamaks muutuda ja saagiobjekte vähendada/väiksemaks muuta).",,Koorunõmme hoiuala (KLO2000315) Tareste maastikukaitseala (KLO1000601) Vilsandi rahvuspark (KLO1000250) Tagamõisa hoiuala (KLO2000332) Küdema lahe hoiuala (KLO2000318),,,,,,,,False,"Kirjuhahk (Polysticta stelleri, II) on kaitsealune lind, kelle esinemine seondub Paljassaare hoiualaga. Paljassaare hoiuala on oluline rände-, pesitsus- ning talvituspaik paljudele linnuliikidele, sealhulgas kirjuhahale, mille kaitse-eesmärgid on põhjalikult kaardistatud erinevates teaduslikes uuringutes ja inventuurides. Hoiuala on koondanud mitmeid kaitsealuseid liike ning on tuntud linnustiku mitmekesisuse poolest. Uuringud on näidanud, et Paljassaare kaitsealal viibivad ja pesitsevad mitmed ohustatud linnuliigid, sealhulgas ka kirjuhahk. Seetõttu on vajalik jätkata seiretegevust ja kaitsekorraldusi, et tagada selle liikide elupaikade säilimine ja kaitsmine. 

Kaitsealal on kinnitatud, et kirjuhahk on II kaitsekategoorias, mis näitab selle liigi haavatavust ning vajadust seniste uuringute ja seiretegevuste laiendamise järele. Oluline on, et Paljassaare looduskaitsealal on soov kaitsta kõiki rände-, pesitsus- ja talvituspaiku, et luua sobivad elutingimused ka kirjuhahhale. Seega tuleb arvestada, et hooajalised muutused ja tegevused alal peavad olema kooskõlas looduskaitse eesmärkidega, keskendudes ka spetsiaalselt kirjuhahka puudutavatele uuringutele ja nende tulemuste rakendamisele."
väikekoskel,Mergus albellus,II,https://infoleht.keskkonnainfo.ee/lnim/-771647779,False,EE906_mgt180119.pdf,,Mergus albellus,väikekoskel,,Linnud,II kategooria,,,,,,,,,,,,,,False,"Väikekoskel (Mergus albellus) on kaitsealune liik, kes pesitseb Eestisse ja rändab sügiseti, olles kaitseala rändepeatuspaigana. Kaitsealal on rändel kuni 400 väikekosklat. Väärib märkimist, et väikekoskel on loorkulle, soo-loorkulle, kalakotkale, kaljukotkale, väikepistrikule, tedrele ning teistele kaitstavatele linnuliikidele oluliseks toiduahelaks, toitudes peamiselt putukatest ja koorikloomadest. 

Eestis on see liik kevaditi kohal alates märtsist ning rändab talvel tagasi. Kaitseala pakub väikekosklatele mitmekesiseid elupaiku, sealhulgas madal- ja siirdesoode ning avamaastike, mis soodustavad nende pesitsust ja rännet. Peipsiveere looduskaitsealal on Peipsi järv ja Lämmijärv tähtsad rände ja toitumispaigad.

Kaitsealal on teadaolevalt ka 500 väikeluike, 1000 rabahane ja 1500 suur-laukhane, mis jääb rändeaegse esinemise jooksul ka väikekosklate toimetamisega ühte rändekogumisse. Suvel on väikesed rändetuhanded erakordselt olulised ja looduslike elupaikade kaitse kaudu püütakse hoida nende arvukus jätkusuutlikuna. 

Kaitsealadel nagu Emajõe Suursoo ja Piirissaar, kus rändel peatub suureneb nende liikide arv, muutes need piirkonnad tähtsaks linnudirektiivi I lisa liikide rände ajal."
väikehuik,Porzana parva,II,https://infoleht.keskkonnainfo.ee/lnim/-628647448,True,Roostikulindude_KTK_eelnou_14042015.pdf,Kaitsealune liik,Zapornia parva,väikehuik,Little Crake,Linnud,II kategooria,,Linnudirektiivi I lisa,3. Väljasuremisohus (26.04.2019),"Märgalade kuivendamine on suurim oht, kuigi veetaseme muutusi talub see liik paremini kui täpikhuik või rooruik.",Roostikulindude kaitse tegevuskava Roostikulindude_KTK_eelnou_14042015,Väinamere hoiuala (Hiiu) (KLO2000340) Endla looduskaitseala (KLO1000174) Ropka-Ihaste looduskaitseala (KLO1000633) Tõhela-Ermistu looduskaitseala (KLO1000737) Silma looduskaitseala (KLO1000197) Vooremaa maastikukaitseala (KLO1000294) Väinamere hoiuala (Pärnu) (KLO2000300) Matsalu rahvuspark (KLO1000300) Laidevahe looduskaitseala (KLO1000512) Luitemaa looduskaitseala (KLO1000282) Väinamere hoiuala (Läänemaa) (KLO2000241),2.5.1.1 Elupaiganõudlus,2.5.1.1 Elupaiganõudlus,"3. Ohutegurid, 2.5.4 Kaitsestaatus ja senise kaitse tõhususe analüüs",2.5.3.2 Levik ja arvukus Eestis,"2.5.2 Ülevaade uuringutest ja inventuuridest, 2.5.3.1 Levik ja arvukus Euroopas, 2.5.3.2 Levik ja arvukus Eestis",2.5.3.1 Levik ja arvukus Euroopas,Kokkuvõte,True,
mustsaba-vigle,Limosa limosa,II,https://infoleht.keskkonnainfo.ee/lnim/-1342562718,False,EE2022_mgt180119_1.pdf,Kaitsealune liik,Limosa limosa,mustsaba-vigle,Black-tailed Godwit,Linnud,II kategooria,,Linnudirektiivi II lisa B osa,4. Ohualdis (19.03.2019),Peamisteks liiki ohustavateks teguriteks Euroopas on elupaiga kadu ja degradeerumine (Leyrer jt 2018). Eestis täpsemalt poolooduslike koosluste hooldamise lakkamine või muutumine. Sooelupaikade puhul on ohuteguriks soode jätkuv kuivendamine. Peamisteks ohtudeks talvitusaladel on maakasutuse muutused (Leyrer jt 2018). Potentsiaalseks ohuks üle kogu levila on kliimamuutused.,,Silma looduskaitseala (KLO1000197) Nätsi-Võlla looduskaitseala (KLO1000201) Lihula looduskaitseala (KLO1000747) Lavassaare looduskaitseala (KLO1000645) Pärnu rannaniidu looduskaitseala (KLO1000584) Tõhela-Ermistu looduskaitseala (KLO1000737) Alam-Pedja looduskaitseala (KLO1000455) Väikese väina hoiuala (KLO2000341) Väinamere hoiuala (Läänemaa) (KLO2000241) Manija maastikukaitseala (KLO1000316) Marimetsa looduskaitseala (KLO1000215) Väinamere hoiuala (Hiiu) (KLO2000340) Abruka hoiuala (KLO2000303) Nehatu looduskaitseala (KLO1000175) Läänemaa Suursoo maastikukaitseala (KLO1000124) Alutaguse rahvuspark (KLO1000669) Tudusoo looduskaitseala (KLO1000277) Marimetsa-Õmma hoiuala (Läänemaa) (KLO2000151) Laidevahe looduskaitseala (KLO1000512) Mullutu-Loode looduskaitseala (KLO1000739) Pärnu lahe hoiuala (KLO2000286) Varbla laidude looduskaitseala (KLO1000647) Väinamere hoiuala (Saare) (KLO2000339) Vilsandi rahvuspark (KLO1000250) Audru poldri looduskaitseala (KLO1000632) Avaste looduskaitseala (KLO1000464) Tuhu looduskaitseala (KLO1000664) Kübassaare maastikukaitseala (KLO1000295) Puhtu-Laelatu looduskaitseala (KLO1000176) Räpina poldri hoiuala (KLO2000128) Väinamere hoiuala (Pärnu) (KLO2000300) Matsalu rahvuspark (KLO1000300) Kahtla-Kübassaare hoiuala (KLO2000309),,,,,,,,False,"Mustsaba-vigle eelistab pesitseda märjematel aladel, kuid on viimaste kümnete aastate jooksul kadunud Silma looduskaitsealalt. Asemele on tulnud mitmed teised linnuliigid, sealhulgas roolinnud nagu rästas ja kõrkja-roolind. Rannaniidud, kus mustsaba-vigle pesitses, on halvas seisundis ning oluline on nende hooldamine, et tagada peaaegu katkematu elupaik. Rannaniitude hooldamise kaudu on võimalik kasvatada mustsaba-vigle arvukust, kelle pesitsemine on seotud sobivate elupaikade kvaliteediga. Mustsaba-vigle on muutunud taas regulaarseks haudelinnuks, kuid on tõendeid, et tema arvukus on languses.

Eesti ohustatud liikide punase nimestiku kohaselt kuulub mustsaba-vigle kaitsekategooriasse ning on oluline, et rannaniitude hooldamisprotsessidesse kaasatakse ka elupaikade taastamine ja kvaliteedi tõstmine. Peamised tegevused, millega saab suurendada mustsaba-vigle populatsiooni, hõlmavad puude ja põõsaste eemaldamist, et avada vaated ja parandada toitumisolusid rändlindudele.

Silma looduskaitsealal on mustsaba-vigle pesitsenud vähemalt 10 paari, kuid müsteerium on, et kas mõnel üksikul paaril võib olla jäänud pesitseda. Oluline on jälgida roostiku arengut ja veepiiri avamist, et tagada sobivad tingimused mustsaba-vigle ja teiste rannaniidukahlajate jaoks. Hooldusmeetmete rakendamine, sealhulgas roostiku niitmine ja veepiiri avamine, on vajalik, et toetada mustsaba-vigle elupaikade taastumist ja looduslike ökosüsteemide säilimist."
tutt-tiir,Sterna sandvicensis,II,https://infoleht.keskkonnainfo.ee/lnim/-2016713806,True,Tiirude_KTK_eelnou_03.09.2015.pdf,Kaitsealune liik,Thalasseus sandvicensis,tutt-tiir,Sandwich Tern,Linnud,II kategooria,,Linnudirektiivi I lisa,6. Soodsas seisundis (02.05.2019),"Tutt-tiiru ohustavad inimese häiriv tegevus pesapaikades ja kisklus, mille tõttu sigimisedukus väheneb ja linnud võivad pesitsusala hüljata. Mõned kunagised pesitsuslaiud on muutunud liigile ebasobivaks roostumise tõttu. Liigile on ebasoodsad kalade töönduslik ülepüük ja merereostus.",Tiirude kaitse tegevuskava Tiirude_KTK_eelnou_03.09.2015,Abruka looduskaitseala (KLO1000589) Väinamere hoiuala (Hiiu) (KLO2000340) Kihnu laidude looduskaitseala (KLO1000628) Laidevahe looduskaitseala (KLO1000512) Väinamere hoiuala (Saare) (KLO2000339) Vilsandi rahvuspark (KLO1000250) Puhtu-Laelatu looduskaitseala (KLO1000176) Väikese väina hoiuala (KLO2000341) Sorgu looduskaitseala (KLO1000627) Väinamere hoiuala (Pärnu) (KLO2000300) Matsalu rahvuspark (KLO1000300) Kuressaare lahe hoiuala (KLO2000317) Väinamere hoiuala (Läänemaa) (KLO2000241) Kahtla-Kübassaare hoiuala (KLO2000309) Sääre looduskaitseala (KLO1000662),2.2.1.1 Elupaiganõudlus,2.2.1.1 Elupaiganõudlus,"3. Ohutegurid, 2.2.3 Kaitsestaatus ja senise kaitse tõhususe analüüs",2.2.2.2 Levik ja arvukus Eestis,"3.1 Uuringud ja inventuurid, 2.2.2.1 Levik ja arvukus maailmas ja Euroopas, 2.2.2.2 Levik ja arvukus Eestis",2.2.2.1 Levik ja arvukus maailmas ja Euroopas,Kokkuvõte,True,
krüüsel,Cepphus grylle,II,https://infoleht.keskkonnainfo.ee/lnim/70608849,False,Luitemaa%20kaitsekorralduskava%2012.04.2021%20redaktsioon.pdf,Kaitsealune liik,Cepphus grylle,krüüsel,Black Guillemot,Linnud,II kategooria,,,3. Väljasuremisohus (01.02.2019),Suurimaks ohuks on õlireostus ning kaaspüük. Võimalik oht ka kaljuronimine.,,Vilsandi rahvuspark (KLO1000250) Vaindloo hoiuala (KLO2000037) Pakri maastikukaitseala (KLO1000113) Tagamõisa hoiuala (KLO2000332) Kura kurgu hoiuala (KLO2000316) Koorunõmme hoiuala (KLO2000315) Pakri hoiuala (KLO2000167),,,,,,,,False,
roherähn,Picus viridis,II,https://infoleht.keskkonnainfo.ee/lnim/1027763355,False,Eesti_Loodus02_2015.pdf,Kaitsealune liik,Picus viridis,roherähn,,Linnud,II kategooria,,,2. Kriitilises seisundis (30.03.2019),,,Otepää looduspark (KLO1000559) Kübassaare maastikukaitseala (KLO1000295),,,,,,,,False,"Roherähn, kes kuulub rähnide hulka, hakkas Eestisse jõudma 1990. aastatel ja suudab elada peamiselt kaitsealadel, kus on oluliselt vanemat puitu ja rohkesti putukaid. Roherähni arvukus on Eestis viimastel aastatel tugevasti vähenenud, peamiselt majandusmetsades, kus tema toidulaud on piiratud. Erinevalt teistest rähniliikidest, nagu suur-kirjurähn ja hallpea-rähn, on roherähnide arvukus stabiilsena püsinud ainult teatud aladel. Uuringud on näidanud, et roherähn ei suuda elada lihtsalt mis tahes metsas, vaid vajab spetsiifilisi elupaiku, kus on piisavalt vanu puid, et paljuneda ja toitu leida. Aastatel 1983–2013 sooritatud seirete põhjal on selgunud, et Kaitsealadel elavad roherähnid tihedamini, kuid nende üldine arvukus jääb siiski madalaks. 

Roherähni elupaikade säilitamine on seega äärmiselt oluline, et vältida pikaajalist kadumist ja tagada liikide koosolekud, mis aitavad toetada ökosüsteemi tasakaalu ning mitmekesisust. Aja jooksul on roherähnide levila piirdunud, kuid nende kohandamine uutele tingimustele ja keskkonnamuutustele on samuti oluline, et nad saaksid järgnevatel aastatel ellu jääda."
valgeselg-kirjurähn,Dendrocopos leucotos,II,https://infoleht.keskkonnainfo.ee/lnim/497316959,True,Valgeselg_kirjurahni_LTK_eeln6u.pdf,Kaitsealune liik,Dendrocopos leucotos,valgeselg-kirjurähn,White-backed Woodpecker,Linnud,II kategooria,"Valgeselg-kirjurähn (Dendrocopos leucotos) on väikesearvuline haudelind, kes on Eesti punase nimestiku järgi ohuvälises seisus ning arvatud looduskaitseseaduse alusel vähearvuka ja ohustatud liigina II kategooria kaitsealuste liikide hulka. Eelistab vanemaid lehtpuu enamusega puistuid. Peamised ohutegurid on metsade majandamine, mille tulemusena väheneb metsade vanus ja rähnile sobivate elupaikade pindala.",Linnudirektiivi I lisa,6. Soodsas seisundis (29.03.2019),,Valgeselg-kirjurähni (Dendrocopos leucotos) kaitse tegevuskava Valgeselg_kirjurahni_LTK_eeln6u,"Kärevere looduskaitseala (KLO1000600) Lavassaare looduskaitseala (KLO1000645) Meenikunno looduskaitseala (KLO1000641) Pärnu maastikukaitseala (KLO1000603) Järveotsa maastikukaitseala (KLO1000323) Nätsi-Võlla looduskaitseala (KLO1000201) Massiaru hoiuala (KLO2000297) Parmu LKA, Ritsiko skv. (KLO1101193) Lanksaare-Veelikse hoiuala (KLO2000252) Kiusumetsa hoiuala (KLO2000242) Väinamere hoiuala (Läänemaa) (KLO2000241) Tudusoo looduskaitseala (KLO1000277) Parmu LKA, Parmu skv. (KLO1101184) Nigula looduskaitseala (KLO1000213) Haanja looduspark (KLO1000469) Otepää looduspark (KLO1000559) Naissaare looduspark (KLO1000540) Alam-Pedja looduskaitseala (KLO1000455) Läänemaa Suursoo maastikukaitseala (KLO1000124) Matsalu rahvuspark (KLO1000300) Endla looduskaitseala (KLO1000174) Karula rahvuspark (KLO1000242) Silma looduskaitseala (KLO1000197) Sookuninga looduskaitseala (KLO1000317) Parmu looduskaitseala (KLO1000413) Kõnnumaa maastikukaitseala (KLO1000505) Avaste looduskaitseala (KLO1000464) Sõrve looduskaitseala (KLO1000758) Kivikupitsa maastikukaitseala (KLO1000330) Parmu LKA, Vineki skv. (KLO1101186) Keretü looduskaitseala (KLO1000668) Urissaare hoiuala (KLO2000289) Kaansoo soomuraka püsielupaik (KLO3002652) Jäärja hoiuala (KLO2000244) Mäeküla hoiuala (KLO2000280) Alutaguse rahvuspark (KLO1000669) Keeri-Karijärve looduskaitseala (KLO1000285) Nabala-Tuhala looduskaitseala (KLO1000634) Vooremaa maastikukaitseala (KLO1000294) Vaskjõe looduskaitseala (KLO1000567) Parmu LKA, Veieri skv. (KLO1101185) Nepstemurru looduskaitseala (KLO1000750) Lihula looduskaitseala (KLO1000747) Puhtu-Laelatu looduskaitseala (KLO1000176)",1.1. Elupaik,4. Ohutegurid,4. Ohutegurid,2.2. Levik ja arvukus Eestis,"1.6. Olulisemad uuringud ja inventuurid, 2.2. Levik ja arvukus Eestis, 3.3. Senise kaitse tõhusus",2.1. Levik ja arvukus Euroopas,Kokkuvõte,True,
laanerähn,Picoides tridactylus,II,https://infoleht.keskkonnainfo.ee/lnim/-484212236,False,EE910_mgt180611.pdf,Kaitsealune liik,Picoides tridactylus,laanerähn,,Linnud,II kategooria,"Laanerähn (Picoides tridactylus) on väikesearvuline haudelind, kes on Eesti punase nimestiku järgi ohuvälises seisus ning arvatud looduskaitseseaduse alusel vähearvuka ja ohustatud liigina II kategooria kaitsealuste liikide hulka. Laanerähn elab suuremates loodusmaastikulaamades. Laanerähn eelistab vanemaid puistuid, kus on rohkelt kuivanud puid, soovitavalt kuuski. Liik on levinud üle terve Eesti. Igal talvel rändab põhja poolt Eestisse laanerähni liigikaaslasi, suurendades liigi kohapealset arvukust kaks kuni kolm korda. Laanerähni ohustavad tegurid on metsade majandamine, mille tulemusena väheneb metsade vanus ja rähnile sobivate elupaikade pindala. (Liigi tegevuskava eelnõu 2012, T. Evestus ja A. Nurmla)",Linnudirektiivi I lisa,4. Ohualdis (30.03.2019),,,"Kärevere looduskaitseala (KLO1000600) Urissaare hoiuala (KLO2000289) Nabala-Tuhala looduskaitseala (KLO1000634) Meenikunno looduskaitseala (KLO1000641) Kolga looduskaitseala (KLO1000271) Maalasti LKA, Navesti skv. (KLO1101457) Parmu looduskaitseala (KLO1000413) Maalasti looduskaitseala (KLO1000626) Lindi looduskaitseala (KLO1000517) Niinsoni looduskaitseala (KLO1000546) Nepstemurru looduskaitseala (KLO1000750) Lahemaa rahvuspark (KLO1000511) Põhja-Kõrvemaa looduskaitseala (KLO1000598) Keeri-Karijärve looduskaitseala (KLO1000285) Nigula looduskaitseala (KLO1000213) Lanksaare-Veelikse hoiuala (KLO2000252) Kuulmajärve looduskaitseala (KLO1000749) Maalasti LKA, Maalasti skv. (KLO1101458) Lindi LKA, Lindi skv. (KLO1101864) Alam-Pedja looduskaitseala (KLO1000455) Kaagvere limatünniku püsielupaik (KLO3002108) Parmu LKA, Veieri skv. (KLO1101185) Parmu LKA, Vineki skv. (KLO1101186) Parmu LKA, Parmu skv. (KLO1101184) Massiaru hoiuala (KLO2000297) Ohepalu looduskaitseala (KLO1000230) Karula rahvuspark (KLO1000242) Sookuninga looduskaitseala (KLO1000317) Kõrvemaa maastikukaitseala (KLO1000265) Kivikupitsa maastikukaitseala (KLO1000330) Keretü looduskaitseala (KLO1000668) Haanja looduspark (KLO1000469) Endla looduskaitseala (KLO1000174) Otepää hoiuala (KLO2000117) Otepää looduspark (KLO1000559) Alutaguse rahvuspark (KLO1000669) Tudusoo looduskaitseala (KLO1000277) Parmu LKA, Ritsiko skv. (KLO1101193) Pärnu maastikukaitseala (KLO1000603) Kõpu looduskaitseala (KLO1000570) Sõrve looduskaitseala (KLO1000758) Jäärja hoiuala (KLO2000244) Raikküla-Paka maastikukaitseala (KLO1000746) Kiusumetsa hoiuala (KLO2000242) Mäeküla hoiuala (KLO2000280) Niinsoni LKA, Niinsoni skv. (KLO1100703) Kuulmajärve LKA, Kuulmajärve skv. (KLO1101999)",,,,,,,,False,"Laanerähn ehk kolmvarvas-rähn (Picoides tridactylus) on Eestis mandriosas aastaringselt esinev sage haudelind, kelle arvukus ja populatsiooni seisund on kaitse-eesmärkide hulka kantud. Nigula looduskaitsealal pesitseb vähemalt 10 paar laanerähni. Valdav osa laanerähni pesapaiku on tsoneeritud sihtkaitsevööndisse, kus tuleb arvestada Looduskaitseseaduses sätestatud piiranguid. Laanerähn elab vanades looduslikes metsades ja sellele sobivad elupaigad on need, kus on rohkesti surnud või surevaid puid. Liigi peamiseks ohuteguriks on sobivate elupaikade hävimine, mistõttu on oluline kaitsta ja säilitada nende looduslikke elupaiku. Kaitsekorraldusperioodi eesmärk on tagada laanerähni pesitsusedukus ning vajadusel teha seireid, et jälgida liikide populatsiooni seisundit ja elupaikade kvaliteeti."
randkiur,Anthus petrosus,II,https://infoleht.keskkonnainfo.ee/lnim/-228262971,False,Luitemaa%20kaitsekorralduskava%2012.04.2021%20redaktsioon.pdf,Kaitsealune liik,Anthus petrosus,randkiur,Eurasian Rock Pipit,Linnud,II kategooria,,,2. Kriitilises seisundis (22.04.2019),Eesti asurkonna suurim ohutegur on asurkonna väiksus.,,Vilsandi rahvuspark (KLO1000250),,,,,,,,False,
luha-sinirind,Luscinia svecica cyanecula,II,https://infoleht.keskkonnainfo.ee/lnim/1894812450,False,Soomaa%20rahvuspargi%20kaitsekorralduskava.pdf,Kaitsealune liik,Luscinia svecica subsp. cyanecula,luha-sinirind,Bluethroat,Linnud,II kategooria,,,3. Väljasuremisohus (23.05.2019),Eestis võib kohalikest teguritest arvukust kahandada pigem luha- ja sooserva-elupaikade kinnikasvamine ja kattumine liitunud võsa või isegi puistuga.,,Puhtu-Laelatu looduskaitseala (KLO1000176) Nehatu looduskaitseala (KLO1000175),,,,,,,,False,"Luha-sinirind (Luscinia svecica cyanecula) on II kaitsekategooria liik ja tegemist on Eesti kaitse-eesmärk ohustatud liikide punase nimestiku ohualtis seisundis liigiga. Luha-sinirind on rästaslaste sugukonda kuuluv lind. Soomaa rahvuspargis pesitseb vähemalt kaks paari luha-sinirindasid. Eestis on ta hajusa levikuga haruldane haudelind, punase nimestiku ohualtis seisundis liigiga. Talvitama lendab Lääne- ja Lõuna-Euroopa rannikualadele või jäävabadele järvedele, pehmetel talvedel jääb osa ka meile. Kuresoos ja Öördi rabas on läbi viidud raba servaalade loodusliku pesitsusterritoorium Halliste jõe luhal."
punakurk-kaur,Gavia stellata,III,https://infoleht.keskkonnainfo.ee/lnim/1497885429,False,EE907_mgt200116.pdf,Kaitsealune liik,Gavia stellata,punakurk-kaur,Red-throated Diver,Linnud,III kategooria,,Linnudirektiivi I lisa,1. Piirkonnas välja surnud (01.03.2019),,,"Gretagrundi hoiuala (KLO2000344) Kura kurgu hoiuala (KLO2000316) Matsalu rahvuspark (KLO1000300) Neugrundi LKA, Neugrundi skv. (KLO1102011) Endla looduskaitseala (KLO1000174) Väinamere hoiuala (Läänemaa) (KLO2000241) Neugrundi looduskaitseala (KLO1000753)",,,,,,,,False,"Punakurk-kaur (Gavia stellata) mainitakse tekstis, kus kajastatakse linnuliikide kaitse eesmärke ning loodusdirektiivide seost elupaikade kaitsega. Refleksioonid punakurgaurist esinevad kesksetes lõigus, mis käsitleb Endla looduskaitseala kaitse-eesmärke ja looduslikke elupaiku. 

Kombineeritud lõik punakurk-kaurist:

""Endla looduskaitseala (edaspidi kaitseala) kaitse-eesmärk on kaitsta erinevaid looduslikke elupaiku, sealhulgas ka punakurgaur (Gavia stellata), mille isendite elupaiku kaitstakse vastavalt nõukogu direktiividele, ning edendada nende elukeskkonna hoidmist ja taastamist. Punakurk-kaur on üks liikidest, mis on seotud märgala kaitse ja linnustiku kaitse programmidega."""
väikepütt,Tachybaptus ruficollis,III,https://infoleht.keskkonnainfo.ee/lnim/215406179,False,Luitemaa%20kaitsekorralduskava%2012.04.2021%20redaktsioon.pdf,Kaitsealune liik,Tachybaptus ruficollis,väikepütt,,Linnud,III kategooria,,,3. Väljasuremisohus (02.05.2019),Suurim oht on märgalade kuivendamine ja nende kvaliteedi langus.,,,,,,,,,,False,
hallpõsk-pütt,Podiceps grisegena,III,https://infoleht.keskkonnainfo.ee/lnim/1068971839,False,Kaarmise-J%C3%B5empa%20looduskaitseala%20kaitse-eeskirja%20eeln%C3%B5u%20seletuskiri.pdf,Kaitsealune liik,Podiceps grisegena,hallpõsk-pütt,Red-necked Grebe,Linnud,III kategooria,,,3. Väljasuremisohus (29.04.2019),Veekogude kinnikasvamine (vabaveealade kadumine) ning lausalise roostikumüüri tekkimine veekogu kallastele.,,Väinamere hoiuala (Läänemaa) (KLO2000241) Kahtla-Kübassaare hoiuala (KLO2000309) Nehatu looduskaitseala (KLO1000175) Endla looduskaitseala (KLO1000174) Loode-Peipsi hoiuala (Tartu) (KLO2000164) Ropka-Ihaste looduskaitseala (KLO1000633) Jaandi hoiuala (KLO2000305) Silma looduskaitseala (KLO1000197) Loode-Peipsi hoiuala (Jõgeva) (KLO2000060) Laidevahe looduskaitseala (KLO1000512) Loode-Peipsi hoiuala (Ida-Viru) (KLO2000088) Mullutu-Loode looduskaitseala (KLO1000739) Tagamõisa hoiuala (KLO2000332) Riksu ranniku hoiuala (KLO2000327) Kaarmise-Jõempa looduskaitseala (KLO1000757) Tõhela-Ermistu looduskaitseala (KLO1000737) Vooremaa maastikukaitseala (KLO1000294) Küdema lahe hoiuala (KLO2000318) Ura maastikukaitseala (KLO1000585),,,,,,,,False,"Kaarmise järvel on keskkonnaregistri andmetel registreeritud II kaitsekategooria linnuliigi hallpõsk-pütt (Podiceps grisegena) pesitsemine. Eeldatavalt on Kaarmise järv endiselt sobilik hallpõsk-püti pesitsemiseks. Kaitseala kaitse-eesmärgiks on tagada hallpõsk-püti ning seal pesitsevate lindude elupaikade kaitse. Piiranguvööndisse jäävad majanduslikult kasutatavad alad, mis ei kuulu kaitse-eesmärkide täitmisel kahjustamisele. Hallpõsk-püti pesitsemisega seonduvad vajadused on arvestatud Kaarmise-Jõempa sihtkaitsevööndi kaitse-eesmärkides. 2015. aastal registreeriti Kaarmise järvel koos hallpõsk-püti pesitsemisega ka laululuike ja sookure pesitsemine. Kaarmise-Jõempa kaitsealal hoolitsetakse loodusdirektiivi nõuete täitmise eest, et kaitsta väärtuslikke linnuliike, sealhulgas hallpõsk-pütti, nende elupaikade puutumatust ja bioloogilist mitmekesisust."
punakael-lagle,Branta ruficollis,III,https://infoleht.keskkonnainfo.ee/lnim/581016833,False,hanede_tk_2021-2025_0.pdf,Kaitsealune liik,Branta ruficollis,punakael-lagle,Red-breasted Goose,Linnud,III kategooria,,Linnudirektiivi I lisa,8. Mittehinnatav (30.03.2019),,,,,,,,,,,False,"Punakael-lagle (Branta ruficollis) on Eestis haruldane ja vähearvuline linnuliik, keda kevadel nähakse üksikute isendite kaupa. Tema peamised talvitusalad asuvad Arktikas, kus punakael-lagle rändab, kuid Eestis toimub tema ränne peamiselt kevadel. Eestis looduslikult esinevate haneliikide kaitsmiseks ja nende populatsiooni säilitamiseks on oluline kehtestada regulatsioonid, mis arvestavad nende haruldasust ja ökosüsteemi tasakaalu. Peale selle on punakael-lagle kaitse alla kuuluv liik, mille seire ja ohjamine on sarnaste meetoditega nagu teiste haneliikide puhul, sealhulgas kevadine heidutusjaht, mis peab olema rangelt reguleeritud ja põhjendatud, et vähendada rändel esinevat saagikadu. 

Eestis on punakael-lagle populaarsus madal, kuid selle kaitsmine on ülioluline, et vältida edasist vähenemist ja tagada pikaajaline püsimine looduslikes elupaikades. Rangete kaitsemeetmete tõttu keskenduvad hoiakud ja uuringud peamiselt selle liigi elupaikade kaitsmisele, et tagada selle edasine eksistents."
must-harksaba,Milvus migrans,III,https://infoleht.keskkonnainfo.ee/lnim/128678934,False,L%C3%B5pparuanne%20-%20%C3%9Cle-eestiline%20maismaalinnustiku%20anal%C3%BC%C3%BCs_0.pdf,Kaitsealune liik,Milvus migrans,must-harksaba,Black Kite,Linnud,III kategooria,,Linnudirektiivi I lisa,3. Väljasuremisohus (12.06.2019),"Ohuteguritest on endiselt aktuaalsed kokkupõrked elektriliinidega, reostunud veekogud ja inimkaaslevale liigile omane keskkonnamürkide kuhjumine organismi (eelkõige lõpnud kalade vahendusel). Meie elujõulisimale – Narva jõe asurkonnale mõjus hukutavalt lammielupaikade üleujutamine hüdroelektrijaama valmimise järel.",,,"Lisa 4.10. Habekakk (Strix nebulosa), Lisa 4.8. Must-harksaba (Milvus migrans)","Lisa 4.10. Habekakk (Strix nebulosa), Lisa 4.8. Must-harksaba (Milvus migrans)","5.1.3 Radaruuring, 5.1.7 Ilmaradarite mõõtmistulemuste kasutusvõimalustest lindude rände uurimisel",5.1.2 Hukkumissageduse modelleerimine ja populatsioonimudelid,"3.2.4 Laanepüü, 5.1.5 Põllumajandusmaastikul toituvad suurlinnud (luiged, haned, sookurg), 5.2 Ehitusaegne ja -järgne seire",3.2.2 Metsis,"4.3 Tsoneeringu kokkuvõte, 5.3 Hukkunud lindude arvu määramine",True,
raudkull,Accipiter nisus,III,https://infoleht.keskkonnainfo.ee/lnim/1053473122,False,elk_2020_est.pdf,Kaitsealune liik,Accipiter nisus,raudkull,Eurasian Sparrowhawk,Linnud,III kategooria,,,6. Soodsas seisundis (26.03.2019),"Suurimaks ohuteguriks on soovikumetsade kraavitamine ja raie. Kuna raudkull eelistab tihedaid puistuid, mis aitavad pesa vaenlaste eest varjata, siis on see liik tundlik ka tema elupaikades tehtavate harvendusraiete suhtes. Varem on olnud oluliseks ohuks ka vaenamine inimese poolt nn. kullisõdade käigus ja pestitsiidide rohke kasutamine põllumajanduses.",,Võrsna hoiuala (KLO2000338) Läänemaa Suursoo maastikukaitseala (KLO1000124) Ruhnu hoiuala (KLO2000328) Tahula-Reo hoiuala (KLO2000333) Väinamere hoiuala (Läänemaa) (KLO2000241) Pärnu maastikukaitseala (KLO1000603) Põduste-Upa hoiuala (KLO2000323) Karula rahvuspark (KLO1000242) Tagamõisa hoiuala (KLO2000332),,,,,,,,False,Raudkull (harilik raudkull) Accipiter nisus 3000−4000 p 41 000.
karvasjalg-viu,Buteo lagopus,III,https://infoleht.keskkonnainfo.ee/lnim/199803569,False,hanede_tk_2021-2025_0.pdf,Kaitsealune liik,Buteo lagopus,karvasjalg-viu,Rough-legged Buzzard,Linnud,III kategooria,,,,,,Leidissoo looduskaitseala (KLO1000263) Väinamere hoiuala (Läänemaa) (KLO2000241),,,,,,,,False,"Kahjuks ei leitud tekstis mingeid lõike, mis oleksid otse seotud linnuga ""karvasjalg-viu"". Edasi liikudes on tekstil peamiselt keskenduda valgepõsk-laglele ja tema populatsioonile. Seetõttu ei ole võimalik teie soovi täita. Kui teil on mõni teine tekst, millest soovite analüüsi, andke sellest teada!"
tuuletallaja,Falco tinnunculus,III,https://infoleht.keskkonnainfo.ee/lnim/-1361215047,False,elk_2020_est.pdf,Kaitsealune liik,Falco tinnunculus,tuuletallaja,Common Kestrel,Linnud,III kategooria,,,6. Soodsas seisundis (01.04.2019),Kultuur- ja avamaastikuliigina on tuuletallaja peamised ohutegurid seotud põllumajandusega. Ühest küljest mõjutab liigi seisundit toitumiseks kohase avamaastiku muutumine sobimatuks pestitsiidide kasutamise ja/või liiga intensiivse põllumajanduse tõttu. Teiselt poolt kahandab toidubaasi arvukust ja kättesaadavust maaharimise lakkamine ja sellega kaasnev võsastumine.,,Abruka hoiuala (KLO2000303) Endla looduskaitseala (KLO1000174) Väinamere hoiuala (Läänemaa) (KLO2000241),,,,,,,,False,Tuuletallaja (harilik tuuletallaja) Falco tinnunculus 700−900 p 18 100
punajalg-pistrik,Falco vespertinus,III,https://infoleht.keskkonnainfo.ee/lnim/1354498950,False,Luitemaa%20kaitsekorralduskava%2012.04.2021%20redaktsioon.pdf,Kaitsealune liik,Falco vespertinus,punajalg-pistrik,Red-footed Falcon,Linnud,III kategooria,,Linnudirektiivi I lisa,8. Mittehinnatav (01.03.2019),,,,,,,,,,,False,"Punajalg-pistrik (Falco) on oluline liik, mille kaitse-eesmärkide hulka tuleks samuti arvesse võtta. Punajalg-pistrik esindab EL linnudirektiivi I lisa liike ja kuulub III kaitsekategooriasse. See liik võib pesitseda Luitemaa looduskaitseala ja Luitemaa hoiuala kaitsekorralduskava piirkondades ning seetõttu on oluline tagada selle kaitse ning elupaikade säilitamine. Luitemaa linnuala on rahvusvaheliselt tähtis piirkond, kus elab mitmeid kaitsealuseid linnuliike, sealhulgas punajalg-pistrik. Siin tehtud ettepanekud seoses punajalg-pistriku kaitsmisega aitavad tagada selle liigi stabiilsuse ja elupaikade sobivuse."
lõopistrik,Falco subbuteo,III,https://infoleht.keskkonnainfo.ee/lnim/124621720,False,Luitemaa%20kaitsekorralduskava%2012.04.2021%20redaktsioon.pdf,Kaitsealune liik,Falco subbuteo,lõopistrik,Eurasian Hobby,Linnud,III kategooria,,,6. Soodsas seisundis (01.04.2019),"Lõopistrik on tundlik pesitsusaegse häirimise suhtes, mistõttu ei tohiks haudeajal teha metsamajanduslikke töid asustatud pesale lähemal kui 300–400 ja pesapoegade ajal lähemal kui 200 meetrit.",,Pärnu maastikukaitseala (KLO1000603) Järise hoiuala (KLO2000307) Uulu-Võiste maastikukaitseala (KLO1000651),,,,,,,,False,
laanepüü,Bonasa bonasia,III,https://infoleht.keskkonnainfo.ee/lnim/586816709,True,Laaneyy_KTK_eenou_24032015.pdf,Kaitsealune liik,Tetrastes bonasia,laanepüü,Hazel grouse,Linnud,III kategooria,"Laanepüü (Bonasa bonasia) on metsislaste sugukonda kuuluv kanaline, kes kuulub looduskaitseseaduse kohaselt III kaitsekategooriasse ning on Eesti ohustatud liikide punase nimestiku (2008) andmetel ohuvälises seisus. Ta on Eestis paigalind, keda võib kohata peamiselt mandriosa metsaaladel, kus ta on üldlevinud harilik haudelind, saartel esineb teda harva. Eestis hinnatakse laanepüü arvukuseks 30 000−60 000 haudepaari ning see on stabiilne (Eesti lindude staatus, pesitsusaegne ja talvine arvukus 2008−2012, Jaanus Elts 2013). Mujal on laanepüü levinud Euraasia metsa- ja metsastepivööndis, mägimetsades alates Ida-Prantsusmaast ja Norrast kuni Kolõma ülemjooksu, Ohhoota mere ranniku, Hokkaido ja Kesk-Koreani.",,4. Ohualdis (29.03.2019),,Laanepüü (Bonansa bonasia) kaitse tegevuskava Laaneyy_KTK_eenou_24032015,"Varbola rannamoodustiste maastikukaitseala (KLO1000755) Sanga looduskaitseala (KLO1000320) Lindi looduskaitseala (KLO1000517) Niinsoni looduskaitseala (KLO1000546) Nepstemurru looduskaitseala (KLO1000750) Keeri-Karijärve looduskaitseala (KLO1000285) Nigula looduskaitseala (KLO1000213) Mõdriku-Roela maastikukaitseala (KLO1000579) Kiigumõisa maastikukaitseala (KLO1000260) Lanksaare-Veelikse hoiuala (KLO2000252) Kuulmajärve looduskaitseala (KLO1000749) Tõhela-Ermistu looduskaitseala (KLO1000737) Alam-Pedja looduskaitseala (KLO1000455) Taarikõnnu LKA, Aruniidu skv. (KLO1100213) Massiaru hoiuala (KLO2000297) Nõva-Osmussaare hoiuala (Läänemaa) (KLO2000166) Karula rahvuspark (KLO1000242) Sookuninga looduskaitseala (KLO1000317) Varbola rannamoodustiste MKA, Põlli skv. (KLO1102023) Kivikupitsa maastikukaitseala (KLO1000330) Haanja looduspark (KLO1000469) Endla looduskaitseala (KLO1000174) Läänemaa Suursoo maastikukaitseala (KLO1000124) Otepää hoiuala (KLO2000117) Kõnnumaa maastikukaitseala (KLO1000505) Varbola rannamoodustiste MKA, Varbola rannamoodustiste pv. (KLO1102033) Otepää looduspark (KLO1000559) Alutaguse rahvuspark (KLO1000669) Tudusoo looduskaitseala (KLO1000277) Pärnu maastikukaitseala (KLO1000603) Taarikõnnu LKA, Põrguraba skv. (KLO1100061) Avaste looduskaitseala (KLO1000464) Kiusumetsa hoiuala (KLO2000242) Järveotsa maastikukaitseala (KLO1000323) Mäeküla hoiuala (KLO2000280) Matsalu rahvuspark (KLO1000300) Niinsoni LKA, Niinsoni skv. (KLO1100703) Vahenurme looduskaitseala (KLO1000272) Luitemaa looduskaitseala (KLO1000282) Urissaare hoiuala (KLO2000289) Nabala-Tuhala looduskaitseala (KLO1000634) Maalasti looduskaitseala (KLO1000626) Lahemaa rahvuspark (KLO1000511) Nõva looduskaitseala (KLO1000660) Kolga lahe maastikukaitseala (KLO1000495) Marimetsa looduskaitseala (KLO1000215) Kõrvemaa maastikukaitseala (KLO1000265) Jäärumetsa looduskaitseala (KLO1000331) Taarikõnnu LKA, Laianiidu skv. (KLO1100214) Kaisma hoiuala (KLO2000245) Jäärja hoiuala (KLO2000244) Tuhu looduskaitseala (KLO1000664) Käntu-Kastja hoiuala (Läänemaa) (KLO2000257) Taarikõnnu looduskaitseala (KLO1000058) Lehtsaare looduskaitseala (KLO1000268) Kuulmajärve LKA, Kuulmajärve skv. (KLO1101999) Meeksi limatünniku püsielupaik (KLO3002111)","2.1. Elupaik, 2.1.1. Kodupiirkond, 2.1.2. Puistu koosseis, 2.1.3. Puistu vanus, 2.1.4. Puistu struktuur",5. Liigi kaitsestaatus ja senise kaitse tõhususe analüüs,"6. Ohutegurid, 6.1. Elupaikade hävinemine ja killustumine, 6.2. Pesitsuse nurjumine metsamajandustööde tõttu, 6.3. Röövlus, 6.4. Jaht",3.2. Levik ja arvukus Eestis,4. Ülevaade uuringutest ja inventuuridest,3.1 Levik ja arvukus maailmas,Kokkuvõte,True,
teder,Tetrao tetrix,III,https://infoleht.keskkonnainfo.ee/lnim/-21051371,False,EE905_mgt200114.pdf,,Tetrao tetrix,teder,,Linnud,,,,,,,,,,,,,,,False,"Teder (Tetrao tetrix) on kaitsealune liik, kelle elupaigad asuvad peamiselt soodes ja nende servakooslustes. Alam-Pedja looduskaitsealal on teder maaspesitsev lind, kelle pesitsemise peamiseks ohuks on elupaikade hävimine ja kogutud teaberikkus arvukuse kohta on oluliselt langenud. Teder vajab elupaikade säästmist ja hooldamist ning oluline on tagada pesitsemise ajal lindude häirimise vältimine. 

Kaitsekorralduskava soovitab, et tedre arvukuse säilitamiseks tuleb jälgida elupaikade seisundit ning vajadusel rakendada säilitustöid, et puudub vajadus lisameetmeid rakendada. Alam-Pedja LLA-l on teder esindatud vähemalt kolme mänguga ning tema pesitsusala seisund on viimastel aastatel püsinud stabiilsena, kuid tuleb tähelepanu pöörata ka keskkonnamuutustele, mis võivad mõjutada tema toidulauda ja pesitsemise edukaid tingimusi. 

Õiged hooldusvõtted ja elupaikade säilitamine aitavad tagada, et teder suudab oma populatsiooni all hoidmiseks vajalikud tingimused saavutada. Seetõttu on Alam-Pedja kaitseala oluline mitte ainult tedre, vaid ka teiste looduskaitsealuste liikide seisukohalt."
rooruik,Rallus aquaticus,III,https://infoleht.keskkonnainfo.ee/lnim/-1721916803,True,Roostikulindude_KTK_eelnou_14042015.pdf,Kaitsealune liik,Rallus aquaticus,rooruik,Water Rail,Linnud,III kategooria,,Linnudirektiivi II lisa B osa,6. Soodsas seisundis (01.05.2019),Rooruiga peamisteks ohuteguriteks tuleb pidada intensiivset talvist rooniitmist ja veekogude kuivendamist.,Roostikulindude kaitse tegevuskava Roostikulindude_KTK_eelnou_14042015,Nehatu looduskaitseala (KLO1000175) Endla looduskaitseala (KLO1000174) Ropka-Ihaste looduskaitseala (KLO1000633) Silma looduskaitseala (KLO1000197) Puhtu-Laelatu looduskaitseala (KLO1000176) Kasti lahe hoiuala (KLO2000312) Küdema lahe hoiuala (KLO2000318) Matsalu rahvuspark (KLO1000300) Laidevahe looduskaitseala (KLO1000512) Paljassaare hoiuala (KLO2000168) Väinamere hoiuala (Läänemaa) (KLO2000241) Mullutu-Loode looduskaitseala (KLO1000739),2.6.1.1 Elupaiganõudlus,2.6.1.1 Elupaiganõudlus,"3. Ohutegurid, 2.6.4 Kaitsestaatus ja senise kaitse tõhususe analüüs",2.6.3.2 Levik ja arvukus Eestis,"2.6.2 Ülevaade uuringutest ja inventuuridest, 2.6.3.1 Levik ja arvukus Euroopas, 2.6.3.2 Levik ja arvukus Eestis",2.6.3.1 Levik ja arvukus Euroopas,Kokkuvõte,True,
tait,Gallinula chloropus,III,https://infoleht.keskkonnainfo.ee/lnim/1335124349,False,Luitemaa%20kaitsekorralduskava%2012.04.2021%20redaktsioon.pdf,Kaitsealune liik,Gallinula chloropus,tait,Common Moorhen,Linnud,III kategooria,,Linnudirektiivi II lisa B osa,4. Ohualdis (01.04.2019),Teadmata.,,Jaandi hoiuala (KLO2000305),,,,,,,,False,"Tait'iga seotud lõigud:
1. Luitemaa looduskaitsealal on kassikaku elupaik.
2. Luitemaa loodusalal on kassikaku liikumispiiranguga piiritähiste.
3. Tõotusemäe lõkkekoha ja sinna juurde kuuluva rajatiste.
4. Antud tegevuse vajadust tuleb LISA 7. ULATUSLIKE LOODUSÕNNETUSTE LIKVIDEERIMINE.
5. Luitemaa loodusalal on kassikaku elupaik oleks võimalik parkida ning vajadusel ümberpöörata.

Kombineeritud tekst:
Luitemaa looduskaitsealal on kassikaku elupaik. Luitemaa loodusalal on kassikaku liikumispiiranguga piiritähiste, mis tagavad kassikaku kaitse. Samuti on Tõotusemäe lõkkekoha ja sinna juurde kuuluva rajatiste hooldus vajalik. Antud tegevuse vajadust tuleb LISA 7. ULATUSLIKE LOODUSÕNNETUSTE LIKVIDEERIMINE. Luitemaa loodusalal on kassikaku elupaik, mis võimaldab vajadusel parkida ja ümberpöörata.
Täitmiskohustus: 

Tait (Gallinago gallinago) on II kaitsekategooria kaitsealune lind, kelle arvukus ja pesituspaikade kvaliteet on olulised Luitemaa looduskaitseala kaitse-eesmärkide seadmisel. Tait eelistab madalaid, niisutatud niite, kus toimetavad rohelised orgaanilised ained. Luitemaa loodusalal on seostatud Taiti elupaigatüüpide säilitamisega, mis on vajalik toitumis- ja pesitsemisvõimaluste tagamiseks. Liik kasutab aktiivselt rannikulõugaste ja lahekarjamaade elupaiku, kus on sobiv toidulaud ja kaitse. Madalmurused ja niidud, kus kasvatatakse loomi, peavad olema hooldatud, et vältida liigset roostumist ja tagada toidujadad Taitide jaoks talvel ja suvel. Taitide seire ja nende kaitse-eesmärkide ulatus on määratud Luitemaa hoiuala keskkonnaseire programmidesse ning need toimivad potentsiaalsete pesitsuskohtadena. Edukas kaitsestrateegia peab käsitlema ka Taiti toitvate looduslike elementide ja maastike kaitset ning nende säilitamist Luitemaa rannikualal. 

Üldiselt on Luitemaa linnuala kaitsekorraldus planeeritud, et tagada kaitse-eesmärkide täielik rakendamine ja Taiti elupaikade loomine ning hooldamine.
Läbi analüüsi leidsin, et 'tait' seondub tekstis linna-tüüpi linnuga 'Põldtsiitsitaja' (Emberiza hortulana). Siin on väljavõtted, mis puudutavad seda linnuliiki:

---

**Põldtsiitsitaja (Emberiza hortulana)**  
Kaitse tegevuskava. Luitemaa linnuala (edaspidi hoiuala) (kogupindalaga 1710,6 ha).  
... Niitude hooldamine ja taastamine.  
Pesitsusperioodil on olnud häirimise tõttu arvukuse olulist langust.  
... Põldtsiitsitaja on leitud Luitemaa looduskaitsealalt.  
... Kaitseala eesmärgid keskenduvad Põldtsiitsitaja soodsa elupaiga säilitamisele ning taastamisele.  
Oluline on säilitada ja hooldada sobivaid toitumiskohti, et Põldtsiitsitaja asurkond saaks jätkuvalt püsida.  
... 

---

Need lõigud kokku võtavad teema, mis puudutab Põldtsiitsitaja kaitset, hooldustöid ning elupaiku Luitemaa looduskaitsealal."
väiketüll,Charadrius dubius,III,https://infoleht.keskkonnainfo.ee/lnim/1790660338,False,Luitemaa%20kaitsekorralduskava%2012.04.2021%20redaktsioon.pdf,Kaitsealune liik,Charadrius dubius,väiketüll,Little Ringed Plover,Linnud,III kategooria,,,6. Soodsas seisundis (29.03.2019),Peamiseks ohuks on häiringujärgsete elupaikade kinnikasvamine ning inimtekkeline häirimine pesitsusajal.,,Väinamere hoiuala (Hiiu) (KLO2000340) Väinamere hoiuala (Saare) (KLO2000339) Pärnu rannaniidu looduskaitseala (KLO1000584) Otepää looduspark (KLO1000559) Tudusoo looduskaitseala (KLO1000277) Väinamere hoiuala (Pärnu) (KLO2000300) Paljassaare hoiuala (KLO2000168) Väinamere hoiuala (Läänemaa) (KLO2000241),,,,,,,,False,
rüüt,Pluvialis apricaria,III,https://infoleht.keskkonnainfo.ee/lnim/-1049031473,False,EE905_mgt200114.pdf,Kaitsealune liik,Pluvialis apricaria,rüüt,European Golden Plover,Linnud,III kategooria,,,6. Soodsas seisundis (25.03.2019),Eesti pesitsusaladel on suurimaks ohuks elupaikade hävimine turbakaevandamise ja kuivendamise mõjul. Ohuks on rabade avakoosluste pindala vähenemine rabasid ümbritsevate kuivendussüsteemide pikaajalise mõju tõttu. Vähesel määral mõjutab lokaalset arvukust suurenev häirimine.,,Meenikunno looduskaitseala (KLO1000641) Luitemaa hoiuala (KLO2000250) Sutu lahe hoiuala (KLO2000331) Nätsi-Võlla looduskaitseala (KLO1000201) Lihula looduskaitseala (KLO1000747) Põhja-Kõrvemaa looduskaitseala (KLO1000598) Nigula looduskaitseala (KLO1000213) Lavassaare looduskaitseala (KLO1000645) Tõhela-Ermistu looduskaitseala (KLO1000737) Alam-Pedja looduskaitseala (KLO1000455) Väinamere hoiuala (Läänemaa) (KLO2000241) Kaugatoma-Lõu hoiuala (KLO2000313) Marimetsa looduskaitseala (KLO1000215) Kõrvemaa maastikukaitseala (KLO1000265) Endla looduskaitseala (KLO1000174) Läänemaa Suursoo maastikukaitseala (KLO1000124) Kõnnumaa maastikukaitseala (KLO1000505) Alutaguse rahvuspark (KLO1000669) Tudusoo looduskaitseala (KLO1000277) Marimetsa-Õmma hoiuala (Läänemaa) (KLO2000151) Kaisma hoiuala (KLO2000245) Sirtsi looduskaitseala (KLO1000076) Audru poldri looduskaitseala (KLO1000632) Avaste looduskaitseala (KLO1000464) Tuhu looduskaitseala (KLO1000664) Luitemaa looduskaitseala (KLO1000282),,,,,,,,False,"Rüüt (Pluvialis apricaria) esindab haruldast haudelindu, kelle pesitsusperiood on rabades ja niisketel aladel. Alam-Pedja looduskaitsealal on rüüda asurkond heas seisus, kus korraldatakse seiret ja pädevustelnniga kinni peetakse liikide kaitse ja elupaikade säilitamise tagamiseks. Pesitsevad rüütide paarid saavad peamiselt toitu vihmaussidest, mis aitavad tagada nende ellujäämise ja edukuse pesitsusajal. Arvatakse, et Alam-Pedja LLA-l pesitseb 72 paari rüütasid, mis põhineb regulaarsetel inventuuridel.

Rüüda populatsioon on stabiliseerunud, mis näitab piisava elupaiga olemasolu ja toetavat keskkonnategevust. Rütide pesitsustingimustega seoses on oluline säilitada piirkondade looduslikud omadused ning vältida häirimist pesitsusaegadel, mil rüütide hääli võib kuulda niitude ja rabade piirkondades. Samuti on vajalik maailmas tuntud jõeäärsete ja avatud alade hoidmine, mis on rüütidele olulised toitumis- ja pesitsusalad.

Kaitsemeetmed, sealhulgas liikumispiirangud pesitsusaegadel, on kehtestatud, et tagada rüütide rahu ja võimalus pesitseda ohutult. Alam-Pedja LLA-l on rüütide kaitse jaoks välja töötatud mitmeid tegevuskavasid, mis hõlmavad seiret, loodusõppeprogramme ning kohaliku kogukonna teadlikkuse tõstmist. Seirete tulemused aitavad jälgida rüüda arvukuse muutusi, mis on oluline liigi ja selle elupaikade kaitse tagamiseks."
vöötsaba-vigle,Limosa lapponica,III,https://infoleht.keskkonnainfo.ee/lnim/495144325,False,EE905_mgt200114.pdf,Kaitsealune liik,Limosa lapponica,vöötsaba-vigle,Bar-tailed Godwit,Linnud,III kategooria,,,,,,Pärnu lahe hoiuala (KLO2000286) Kura kurgu hoiuala (KLO2000316) Kõrgessaare looduskaitseala (KLO1000611) Väinamere hoiuala (Saare) (KLO2000339) Alam-Pedja looduskaitseala (KLO1000455) Väinamere hoiuala (Pärnu) (KLO2000300) Matsalu rahvuspark (KLO1000300) Luitemaa looduskaitseala (KLO1000282) Väinamere hoiuala (Läänemaa) (KLO2000241),,,,,,,,False,"Vöötsaba-vigle (Limosa lapponica) on Alam-Pedja looduskaitseala (LKA) kaitsealune liik, mille arvukus on hinnatud 2003. aastal ja see liigina ei pesitse Eestis, vaid peatub siin läbirännul. Alam-Pedja LLA-l on vähemalt 100 isendit, mis teeb selle piirkonna rändepeatuseks sobivaks alaks. Vöötsaba-vigle toidustab end peamiselt pehmest pinnast või madalast veest, kus see hangib toitu, mis koosneb ussidest, molluskitest ja veetaimede osadest. 

Kaitse-eesmärgiks on tagada liigi soodsat seisundit ning elupaikade säilimine. Vöötsaba-vigle on loetletud kui III kategooria kaitsealune liik, mille hooldamine ja kaitse toimub regulaarsetel meetoditel, sealhulgas niitmine ja loomade karjatamine, et luua ja säilitada sobivaid toitumisalasid. Uute luhaalade hooldusse võtmine loob vöötsaba-viglele uusi toitumisalasid. 

Alam-Pedja LKA-l paiknev looduslik keskkond, sealhulgas madalsood ja hooldatavad luhaniidud, on olulised elupaigad vöötsaba-vigle jaoks, mis sõltub kõrge loodusliku mitmekesisuse ja madala intensiivsusega majandamise säilitamisest. Hooldustööde kvaliteedi hindamine ning elupaikade seisukorra jälgimine on samuti vajalik, et tagada vöötsaba-vigle ja teiste kaitsealuste liikide olemasolu ja heaolu."
väikekoovitaja,Numenius phaeopus,III,https://infoleht.keskkonnainfo.ee/lnim/-1419281941,False,EE905_mgt200114.pdf,Kaitsealune liik,Numenius phaeopus,väikekoovitaja,Whimbrel,Linnud,III kategooria,,Linnudirektiivi II lisa B osa,6. Soodsas seisundis (28.03.2019),,,Endla looduskaitseala (KLO1000174) Läänemaa Suursoo maastikukaitseala (KLO1000124) Alutaguse rahvuspark (KLO1000669) Tudusoo looduskaitseala (KLO1000277) Suursoo-Leidissoo hoiuala (Läänemaa) (KLO2000154) Nätsi-Võlla looduskaitseala (KLO1000201) Marimetsa-Õmma hoiuala (Läänemaa) (KLO2000151) Paljassaare hoiuala (KLO2000168) Lihula looduskaitseala (KLO1000747) Nigula looduskaitseala (KLO1000213) Sirtsi looduskaitseala (KLO1000076) Lavassaare looduskaitseala (KLO1000645) Audru poldri looduskaitseala (KLO1000632) Tuhu looduskaitseala (KLO1000664) Alam-Pedja looduskaitseala (KLO1000455) Luitemaa looduskaitseala (KLO1000282) Leidissoo looduskaitseala (KLO1000263) Marimetsa looduskaitseala (KLO1000215),,,,,,,,False,"Väikekoovitaja (Numenius phaeopus) on Eestis haruldane haudelind (400-700 paari) ja vähesearvuline läbirändaja. Pedja LLA-l pesitseb vähemalt 40-55 paari väikekoovitajaid. Lingiga seotud elupaikades, sealhulgas lamminiitudel ja niisketel niitudel, on tema toitumiseks sobivad olud, kuna ta toitub peamiselt putukatest ja marjadest. Siiski on liikide seisundit halvendanud luhaniitude ja madalsoode majandamise vähenemine ja lakkamine. 

Looduskaitse eesmärk on kaitsta Väikekoovitaja pesitsus- ja toitumispaiku, tagades elupaikade kvaliteedi ja järjepideva hooldamise, sealhulgas luhaniitude taastamise. Samuti tuleb jälgida röövloomade arvukust, et vähendada nende mõju pesitsus- ja toitumisaladel. Alam-Pedja looduskaitseala on rahvusvahelise tähtsusega märgala, mis toetab Väikekoovitaja kui haruldase linnuliigi säilimist ja arvukuse taastumist. 

Seirete tulemused näitavad, et alal on säilinud piisav arv väikekoovitajaid, mis viitab kaitsemeetmete tõhususele ning elupaikade kvaliteedi säilitamisele."
heletilder,Tringa nebularia,III,https://infoleht.keskkonnainfo.ee/lnim/834686236,False,EE905_mgt200114.pdf,Kaitsealune liik,Tringa nebularia,heletilder,Common Greenshank,Linnud,III kategooria,,Linnudirektiivi II lisa B osa,4. Ohualdis (27.03.2019),,,Kõrvemaa maastikukaitseala (KLO1000265) Väinamere hoiuala (Hiiu) (KLO2000340) Endla looduskaitseala (KLO1000174) Alutaguse rahvuspark (KLO1000669) Tudusoo looduskaitseala (KLO1000277) Kasti lahe hoiuala (KLO2000312) Riksu ranniku hoiuala (KLO2000327) Väinamere hoiuala (Saare) (KLO2000339) Audru poldri looduskaitseala (KLO1000632) Alam-Pedja looduskaitseala (KLO1000455) Küdema lahe hoiuala (KLO2000318) Väinamere hoiuala (Pärnu) (KLO2000300) Väinamere hoiuala (Läänemaa) (KLO2000241) Kaugatoma-Lõu hoiuala (KLO2000313),,,,,,,,False,"Heletilder (Tringa nebularia) on kaitsealune liik, mille arvukus on Alam-Pedja Looduskaitseala (LLA) piirkonnas heas seisus. Inventuuri põhjal pesitseb seal vähemalt 30 haudepaari. Alam-Pedja rabamassiivid pakuvad heletildrile sobivaid elupaiku. 2010. a linnuinventuur näitas, et Põltsamaa rabas pesitses 10 haudepaari heletildreid. Samuti on teatud aladel piisav kaitse olemas, mistõttu täiendavaid kaitsemeetmeid heletildri jaoks hetkel vaja ei ole. 

Kaitseala peamine ohutegur on pesitsusaegne häirimine ja röövluse mõju. Heletilder on madalsoodes ja rabades, kus tema toiduks on peamiselt veeputukad ja nende vastsed. Alam-Pedja LLA-l on oluline roll heletildri elupaikade kaitsmises, et tagada liigi soodne seisund. Samuti seostatakse heletilderit madalsoode ja raba elupaikade säilimisega. 

Pesitsustingimuste säilitamiseks on vajalik hooldus, mis hõlmab luhaniitude ja madalsoode hooldamist, et vältida võsastumist. Röövloomade arvukusele peab samuti tähelepanu pöörama, et kaitsta heletildreid pesitsusajal."
mudatilder,Tringa glareola,III,https://infoleht.keskkonnainfo.ee/lnim/-234220185,False,EE905_mgt200114.pdf,Kaitsealune liik,Tringa glareola,mudatilder,Wood Sandpiper,Linnud,III kategooria,,Linnudirektiivi I lisa,6. Soodsas seisundis (25.03.2019),"Mudatildrit ohustab eelkõige elupaikade kuivendamine ja kuivenemine nii pesitsuspaikades (oode kuivenamine metsakuivenduse naabrumõjul ja turbakaevandamise tõttu), rändeaegsetes peatusaladel ja talvituspiirkondades (kliimamuutuste mõju).",,Ropka-Ihaste looduskaitseala (KLO1000633) Nätsi-Võlla looduskaitseala (KLO1000201) Lihula looduskaitseala (KLO1000747) Põhja-Kõrvemaa looduskaitseala (KLO1000598) Nõva looduskaitseala (KLO1000660) Nigula looduskaitseala (KLO1000213) Võrtsjärve hoiuala (Viljandi) (KLO2000173) Lavassaare looduskaitseala (KLO1000645) Tõhela-Ermistu looduskaitseala (KLO1000737) Alam-Pedja looduskaitseala (KLO1000455) Väinamere hoiuala (Läänemaa) (KLO2000241) Sookuninga looduskaitseala (KLO1000317) Marimetsa looduskaitseala (KLO1000215) Kõrvemaa maastikukaitseala (KLO1000265) Kõrgessaare looduskaitseala (KLO1000611) Väinamere hoiuala (Hiiu) (KLO2000340) Endla looduskaitseala (KLO1000174) Läänemaa Suursoo maastikukaitseala (KLO1000124) Kõnnumaa maastikukaitseala (KLO1000505) Alutaguse rahvuspark (KLO1000669) Tudusoo looduskaitseala (KLO1000277) Marimetsa-Õmma hoiuala (Läänemaa) (KLO2000151) Paljassaare hoiuala (KLO2000168) Pärnu lahe hoiuala (KLO2000286) Tõstamaa maastikukaitseala (KLO1000565) Järise hoiuala (KLO2000307) Sirtsi looduskaitseala (KLO1000076) Väinamere hoiuala (Saare) (KLO2000339) Võrtsjärve hoiuala (Valga) (KLO2000172) Audru poldri looduskaitseala (KLO1000632) Avaste looduskaitseala (KLO1000464) Väinamere hoiuala (Pärnu) (KLO2000300) Luitemaa looduskaitseala (KLO1000282),,,,,,,,False,"Mudatilder (Tringa glareola) on III kategooria kaitsealuseid liike. Mudatilder pesitseb suurtes rabades, enne ja pärast pesitsusaega on liik väga häälekas. Linnustiku inventuuril on selgunud mudatildri arvukus, pesitsuspaigad ja täiendavate kaitsemeetmete vajadus. Mudatildri asurkond on heas seisus ja Alam-Pedja LLA-l pesitseb 45-65 paari. Kaitsealal tuleb tagada piirangutest kinnipidamine, vajadusel piirata röövloomade arvukust. Linnustiku inventuuri tulemuste kohaselt pesitses 2010. a Põltsamaa rabas 20 haudepaari mudatildreid, Soosaare rabas 10 ja Umbusi rabas üks. Mudatildri elupaigad, sarnaselt teiste liigiga, vajavad kaitset rabade ja madalsoode säilitamise kaudu."
veetallaja,Phalaropus lobatus,III,https://infoleht.keskkonnainfo.ee/lnim/1130921182,False,A2%20Paljassaare%20kaitsekorralduskava%2C%20projektiala%2038.pdf,Kaitsealune liik,Phalaropus lobatus,veetallaja,Red-necked Phalarope,Linnud,III kategooria,"Veetallaja (Phalaropus lobatus) on Eestis lokaalse levikuga (teda on nähtud Matsalus, Saaremaa läänerannikul ja üksikutel saartel ning madalatel laidudel) kurvitslaste sugukonda kuuluv lind, kes kuulub looduskaitseseaduse alusel III kaitsekategooriasse ning kes on Eesti ohustatud liikide punase nimestikku (2008) kantud kui Eesti looduses hävinud liik. Praegu hinnatakse selle jääajajärgse relikti arvukust Eestis kuni viiele pesitsevale paarile, mis tähendab, et liik on Eestis harva esinev. Kolga lahe saartel on ta läbirände liik, registreeritud 2013. aastal Rammu saarel. Peamised veetallaja levikualad on tsirkumpolaarne Euraasia ja Põhja-Ameerika tundravöönd. Veetallaja peamiseks ohuteguriks on elutegevuseks sobilike veekogude ohustatus.",Linnudirektiivi I lisa,1. Piirkonnas välja surnud (01.03.2019),,,Endla looduskaitseala (KLO1000174) Väinamere hoiuala (Läänemaa) (KLO2000241) Kolga lahe maastikukaitseala (KLO1000495),,,,,,,,False,"Veetallaja (Phalaropus lobatus) on seotud Paljassaare hoiuala kaitse-eesmärkide ning linnustikuga. Hoiuala pindala on 277,9 ha, kus elavad ja pesitsevad mitmed linduliigid. Hoiuala kaitse-eesmärgiks on ka veetallaja, kes on avatud vetes levinud liik. Lisaks on hoiualal registreeritud ka teisi linnuliike, mis elavad sarnastes elupaikades, nagu näiteks mudatilder ja rüdid. Paljassaare linnuala looduslike väärtuste hoidmine ja türbiini harimise vähendamine on olulised, et säilitada veetallaja elupaigad ja tagada selle edasine liikumine ning areng."
lumekakk,Nyctea scandiaca,III,https://infoleht.keskkonnainfo.ee/lnim/888744485,False,Kassikaku%20kaitse%20tegevuskava.pdf,Kaitsealune liik,Bubo scandiacus,lumekakk,Snowy Owl,Linnud,III kategooria,,Linnudirektiivi I lisa,,,,,,,,,,,,False,"Lumekakk (Bubo scandiaca) on kakuliste sugukonda kuuluv lind, mille levik on peamiselt Põhja-Euroopas. Kassikakku (Bubo bubo) on üle kogu maailma levinud suur kakuline, Eestiski elab selle nominaatvorm. Kassikakkude liigirühmas eristatakse kuni 47 alamliiki, sealhulgas lumekakki. Euroopa kassikakupopulatsiooni suuruseks on 18 500–30 300 paari ehk nende arvukus on viimase paari aasta jooksul vähenenud, kuigi Edela-Euroopa asurkonnad on kasvanud. Lumekakkude populatsiooni koosseis ja arvukus on varieeruv ning Eestis hinnatakse nende arvukuse muutust alates 2000. aastast päevakorda toovate uuringute kaudu."
vöötkakk,Surnia ulula,III,https://infoleht.keskkonnainfo.ee/lnim/926114574,False,Luitemaa%20kaitsekorralduskava%2012.04.2021%20redaktsioon.pdf,Kaitsealune liik,Surnia ulula,vöötkakk,Northern Hawk Owl,Linnud,III kategooria,,Linnudirektiivi I lisa,8. Mittehinnatav (29.03.2019),,,,,,,,,,,False,
kodukakk,Strix aluco,III,https://infoleht.keskkonnainfo.ee/lnim/320216124,False,Lendorava_kaitse_tegevuskava_2023-2027_redigeeritud_versioon.pdf,Kaitsealune liik,Strix aluco,kodukakk,Tawny Owl,Linnud,III kategooria,,,4. Ohualdis (29.03.2019),"Kodukakku ohustavad eelkõige õõnsate puude eemaldamine parkidest jt. pesitsuspuistutest, pesaõõnsuste kokkukasvamine, lindude hukkumine elektriliinides ja kokkupõrked autodega maanteedel. Pesitsusajal hukkub kurnasid ja pesakondi ning samuti vanalinde oma arvukust mitmekordistanud metsnugise rüüste tagajärjel (Lelov 2018). Ohutegurina on märgitud ka pestitsiidide kasutamist põllumajanduses (IUCN Red List).",,Jööri must-toonekure püsielupaik (KLO3001951) Puhtu-Laelatu looduskaitseala (KLO1000176) Põduste-Upa hoiuala (KLO2000323) Haavassoo looduskaitseala (KLO1000625),,,,,,,,False,"Kodukakk (Strix aluco) seondub mitmesugustes kontekstides lendoravate elupaikade ja kisklusriskidega. Lendorav võib sattuda kodukakkude, metsnugiste ja kodukasside saagiks, mis suurendab kiskluskoormust ja ohustab lendorava populatsiooni. Lendorava kaitse nõuab teadlikkust, et händkakkude ja kodukakkude kohalolek võib mõjutada lendoravate elutingimusi ning kiskluse survet. Samuti on oluline jälgida lendorava ja kodukaku kooseksisteerimise tõenäosust elupaikade kvaliteedi languse tõttu, mis tuleneb elupaikade hävimisest ja killustumisest. 

Lendorava elupaikade suurenev killustatus ja isolatsioon tähendab, et nad on lühemate kauguste tõttu kodukakkude ja teiste röövloomade jaoks kergesti kätte saadavad, seega on kisklus olulise ohutegurina lendorava ellujäämise seisukohalt. Kiskluse mõju lendoravale peaks olema üks prioriteetseid küsimusi, et arendada sobivaid kaitsemeetmeid, sealhulgas elupaikade säilitamine ja juhtimine, et vähendada lendorava, kodukaku ja teiste röövloomade vahelisi negatiivseid interaktsioone. 

Seega on seotud ülesanne leida tasakaal, et tagada lendorava kaitse, arvestades kodukakkude ja teiste kiskjate kohalolekut, ning kaitsta lendoravade elupaiku, et ennetada populatsioonide langust ja nende ohtude suurenemist."
hallpea-rähn,Picus canus,III,https://infoleht.keskkonnainfo.ee/lnim/828213570,False,Lendorava_kaitse_tegevuskava_2023-2027_redigeeritud_versioon.pdf,Kaitsealune liik,Picus canus,hallpea-rähn,Grey-headed Woodpecker,Linnud,III kategooria,"Hallpea-rähn (Picus canus) on Eesti punase nimestiku järgi ohuvälises seisus ja arvatud looduskaitseseaduse alusel III kategooria kaitsealuste liikide hulka. Eestis eelistab pesitsemisel valgusrikkaid sega- ja okasmetsi, lodu-sanglepikuid, puisniite ning jõelamme. Väldib suuri metsamassiive, meelsamini otsib pesitsuspaigaks väiksema metsatuka, sageli vee läheduses. Eestis elab 2000-3000 paari.",Linnudirektiivi I lisa,6. Soodsas seisundis (30.03.2019),,,Kärevere looduskaitseala (KLO1000600) Urissaare hoiuala (KLO2000289) Nabala-Tuhala looduskaitseala (KLO1000634) Nätsi-Võlla looduskaitseala (KLO1000201) Maalasti looduskaitseala (KLO1000626) Nepstemurru looduskaitseala (KLO1000750) Keeri-Karijärve looduskaitseala (KLO1000285) Nigula looduskaitseala (KLO1000213) Lanksaare-Veelikse hoiuala (KLO2000252) Lavassaare looduskaitseala (KLO1000645) Vaskjõe looduskaitseala (KLO1000567) Alam-Pedja looduskaitseala (KLO1000455) Väinamere hoiuala (Läänemaa) (KLO2000241) Massiaru hoiuala (KLO2000297) Karula rahvuspark (KLO1000242) Siiraku looduskaitseala (KLO1000573) Sookuninga looduskaitseala (KLO1000317) Marimetsa looduskaitseala (KLO1000215) Kivikupitsa maastikukaitseala (KLO1000330) Haanja looduspark (KLO1000469) Endla looduskaitseala (KLO1000174) Otepää looduspark (KLO1000559) Alutaguse rahvuspark (KLO1000669) Tudusoo looduskaitseala (KLO1000277) Pärnu maastikukaitseala (KLO1000603) Jäärja hoiuala (KLO2000244) Avaste looduskaitseala (KLO1000464) Kiusumetsa hoiuala (KLO2000242) Mäeküla hoiuala (KLO2000280),,,,,,,,False,"Hallpea-rähn (Picus), samuti tuntud kui hallpea-rähn, esindab olulist osa metsade ökosüsteemist. Rähnid, sealhulgas hallpea-rähn, mängivad tähtsat rolli lendorava elutingimuste parandamisel, luues pesametsi, mis on tarvilikud lendorava püsielupaikade kaitseks. Maastiku kaitse ja säilitamine on hädavajalik, et toetada mitte ainult hallpea-rähni, vaid ka teisi metsas elavaid haruldasi ja ohustatud liike. Seega kaitstes hallpea-rähni, tagame samas ka mitmete teiste liikide, sealhulgas lendorava, elupaikade säilimise ja taastamise võimalused. Hallpea-rähn oma elupaikades, kus ta jagab ruumi paljude teiste liikidega,, on märk looduslikest protsessidest, mis toetavad elurikkust."
tamme-kirjurähn,Dendrocopos medius,III,https://infoleht.keskkonnainfo.ee/lnim/-1054143067,False,Kaitstavate_linnuliikide_pesitsuselupaikade_kaardistamise_ja_EELISesse_vormistamise_pohimotted.pdf,Kaitsealune liik,Dendrocoptes medius,tamme-kirjurähn,Middle Spotted Woodpecker,Linnud,III kategooria,,Linnudirektiivi I lisa,5. Ohulähedane (29.03.2019),,,Vana-Antsla mõisa park (KLO1200108),,,,,,,,False,"Tammekirjurähn (Dendrocopos medius) seondub mitmetesse elupaikadesse, sealhulgas vanametsaalades ja taluparkides. Ta kuulub ka elupaikade hulka koos teiste liikidega, nagu väike-kirjurähn, hoburästas ja roherähn. Tammekirjurähn, koos nimetatud liikidega, leiab endale sobiva elupaiga vähemalt 300 meetri raadiuses pesapaigast ning võib asuda ka kultuurmaistude aladel, nagu parkides ja metsatukkades.

Tema elupaikade hulka kuuluvad ka niidualad, mis ulatuvad kaugemale kui 500 meetrit niidukooslused, olles seega oluline liik, mis vajab kaitse tegevuskavasid ja sobivaid elupaiku, et tagada selle liikide elujõud."
väike-kirjurähn,Dendrocopos minor,III,https://infoleht.keskkonnainfo.ee/lnim/-1827429374,False,EE910_mgt180611.pdf,Kaitsealune liik,Dryobates minor,väike-kirjurähn,Lesser Spotted Woodpecker,Linnud,III kategooria,"Väike-kirjurähn (Dendrocopos minor) on Eestis üldlevinud väikesearvuline haudelind, kes elutseb leht- ja segametsades, eriti veekogudeäärsetes sanglepikutes, ka parkides ja suuremates aedades. Väike-kirjurähn on paigalind, kes vajab pesitsemiseks vanu pehkinud tüvega puid. Liigi arvukus on Eestis stabiilne (hinnanguliselt 5000 paari). Ohutegur on metsade majandamine. Eesti punase nimestiku järgi on lind ohuvälises seisus ning arvatud looduskaitseseaduse alusel vähenevate elupaikade ja väheneva arvukusega liigina III kategooria kaitsealuste liikide hulka.",,4. Ohualdis (29.03.2019),,,Otepää looduspark (KLO1000559) Tudusoo looduskaitseala (KLO1000277) Haavassoo looduskaitseala (KLO1000625) Lihula looduskaitseala (KLO1000747) Mullutu-Loode looduskaitseala (KLO1000739) Lahemaa rahvuspark (KLO1000511) Nigula looduskaitseala (KLO1000213) Võrsna hoiuala (KLO2000338) Nässuma hoiuala (KLO2000302) Tuhu looduskaitseala (KLO1000664) Puhtu-Laelatu looduskaitseala (KLO1000176) Tahula-Reo hoiuala (KLO2000333) Väinamere hoiuala (Läänemaa) (KLO2000241) Põduste-Upa hoiuala (KLO2000323) Karula rahvuspark (KLO1000242) Marimetsa looduskaitseala (KLO1000215),,,,,,,,False,"Väike-kirjurähn (Dendrocopus minor) pesitseb lehtmetsades, kus leidub rohkesti surnud puitu. Nigula looduskaitsealal on tähelepanu all väike-kirjurähni asurkondade suurus, mille kohta tehtud uuringud tuvastavad selle arvu vähenemise. 2013. aastal viidud linnustiku inventuuri kohaselt oli Nigula looduskaitsealal väike-kirjurähni arvukus 10 paari. Samuti on küpsetes okas- või segametsades, kus leidub õõnsustega puid, sobilikud elupaigad. Peamine oht väike-kirjurähnile on metsamajandusega kaasnev vanade metsade vähenemine ning sobivate pesapaikade kadumine. Üldiselt eelistab see liik penetada metsamassiivides, kus on rohkesti toidubaasi ning varju loovaid puid. Nigula kaitseala on oluline elupaik kaitsma väike-kirjurähni ja teisi linnuliike, tagades nende pesitsustingimuste säilitamise."
nõmmelõoke,Lullula arborea,III,https://infoleht.keskkonnainfo.ee/lnim/-1229762365,False,VTK_N%C3%B5mme_Mustam%C3%A4e_MKA.pdf,Kaitsealune liik,Lullula arborea,nõmmelõoke,Wood Lark,Linnud,III kategooria,"Nõmmelõoke (Lullula arborea) on Eesti punase nimestiku järgi ohuvälises seisus ja arvatud looduskaitseseaduse alusel III kategooria kaitsealuste liikide hulka. Pesitseb nõmmedel, nõmmemetsades, liivastel raiesmikel ja loometsades. Peamised ohutegurid on elupaikade hävimine metsamajandamise tulemusena ja maakasutuse muutused. Eestis pesitseb 1000-3000 paari.",Linnudirektiivi I lisa,,,,Tuhu hoiuala (Pärnu) (KLO2000278) Lahemaa rahvuspark (KLO1000511) Põhja-Kõrvemaa looduskaitseala (KLO1000598) Vormsi maastikukaitseala (KLO1000220) Tagamõisa hoiuala (KLO2000332) Keeri-Karijärve looduskaitseala (KLO1000285) Väinamere hoiuala (Läänemaa) (KLO2000241) Nõva-Osmussaare hoiuala (Läänemaa) (KLO2000166) Pakri maastikukaitseala (KLO1000113) Kaugatoma-Lõu maastikukaitseala (KLO1000487) Karula rahvuspark (KLO1000242) Marimetsa looduskaitseala (KLO1000215) Sarve maastikukaitseala (KLO1000158) Uulu-Võiste maastikukaitseala (KLO1000651) Haanja looduspark (KLO1000469) Endla looduskaitseala (KLO1000174) Kõnnumaa maastikukaitseala (KLO1000505) Alutaguse rahvuspark (KLO1000669) Tudusoo looduskaitseala (KLO1000277) Kõpu looduskaitseala (KLO1000570) Pärnu maastikukaitseala (KLO1000603) Tehumardi nõmme hoiuala (KLO2000334) Vilsandi rahvuspark (KLO1000250) Puhtu-Laelatu looduskaitseala (KLO1000176) Odalätsi maastikukaitseala (KLO1000590) Karala-Pilguse hoiuala (KLO2000310) Luitemaa looduskaitseala (KLO1000282) Kahtla-Kübassaare hoiuala (KLO2000309),,,,,,,,False,"Tekstist, mis on seotud linnuga 'nõmmelõoke' (Lullula arborea), on järgmised lõigud:

""Nõmmelõoke (Lullula arborea), lõopistrik (Falco majandamisest välja. Sellega kaitstakse ka elupaiku neile liikidele, kes ei suuda toime tulla vastuolus LKS §-s 55 sätestatud isendikaitse põhimõtetega. 

Eesmärgiks seatavate katusliikide, nende elupaikade ja liikide puhul kaitseala valitseja nõusolekul lubatud tegevusteks ja kaitseala valitseja subbuteo.""

Need lõigud viitavad nõmmelõokese kaitsele ning elupaikade säilitamisele, seadusandlikule raamistikule, mis seda kaitset tagab."
kaldapääsuke,Riparia riparia,III,https://infoleht.keskkonnainfo.ee/lnim/789876315,False,A2%20Paljassaare%20kaitsekorralduskava%2C%20projektiala%2038.pdf,Kaitsealune liik,Riparia riparia,kaldapääsuke,Sand Martin,Linnud,III kategooria,,,3. Väljasuremisohus (29.03.2019),"Kaldapääsukese arvukuse languse peapõhjuseks peetakse globaalsemat laadi kliimamuutusi: arvukus sõltub väga tugevalt sademete hulgast Niiluse jõe orus ja Ida-Aafrikas. Oma osa arvukuse vähenemises on suure tõenäosusega ka ülekarjatamisel, looduslike märgalade hävitamisel ja keskkonnamürkide laieneval kasutamisel Aafrika talvitusaladel. Eestis on ilmselt peamiseks reaalseks ohuks pesitsusaegne kolooniate hävitamine maavarade kaevandamise käigus.",,Kallaste hoiuala (KLO2000236) Väinamere hoiuala (Läänemaa) (KLO2000241),,,,,,,,False,"Kaldapääsuke (Riparia riparia) kasutab ala toitumisalana. Meelis mainib, et kaldapääsukestel puudub alal sobiv elupaik, seega ei ole seal kaldapääsukesi. Eelmisel aastal oli probleem ka külmunud pinnasega. Monika arutleb, et järgmise aasta linnustiku inventuur annab kindlasti hea ülevaate ja täpsustab, et loendurid jäävad sinna, et saavutada täpsemad arvud kaldapääsukeste ja muude linnuliikide kohta. Tänu loenduritele saab päris selge numbri kätte, kuid praegune riiklik seireprogramm ei hõlma kaldapääsukest, seega praegu saame ise inventuuri tellida."
suitsupääsuke,Hirundo rustica,III,https://infoleht.keskkonnainfo.ee/lnim/1704577474,False,Luitemaa%20kaitsekorralduskava%2012.04.2021%20redaktsioon.pdf,Kaitsealune liik,Hirundo rustica,suitsupääsuke,Barn Swallow,Linnud,III kategooria,,,3. Väljasuremisohus (30.03.2019),"Pesitsusaladel ohustab suitsupääsukest põllumajanduse intensiivistamine (sh. putukarikka mosaiikse talumaastiku asendumine suurpõldude ning monokultuuridega, loomakasvatuse koondumine suletud suurfarmidesse, putukate arvukuse vähenemine pestitsiidide kasutuselevõtu järel), sobilike pesapaikade vähenemine loomakasvatuse hääbumise tõttu taludes ning märgalade kvaliteedi langus.",,Küdema lahe hoiuala (KLO2000318),,,,,,,,False,
hänilane,Motacilla flava,III,https://infoleht.keskkonnainfo.ee/lnim/1793114119,False,Audru%20poldri%20looduskaitseala%20kaitsekorralduskava%20%28muudetud%29_0.pdf,Kaitsealune liik,Motacilla flava,hänilane,Yellow Wagtail,Linnud,III kategooria,,,2. Kriitilises seisundis (28.03.2019),"Peamiseks ohuks näib olevat sobivate elupaikade hääbumine. Kui varem oli hänilane tavaline peaaegu igal karjamaal ja sooniidul, siis tänapäeval kohtab teda vähestel säilinud niisketel pärandkooslustel, nagu jõeluhad või rannaniidud. Probleemi on põhjustanud eelkõige loomapidamise vähenemine ja rohumaade majandamisest väljalangemine, mistõttu heina- ja karjamaad võsastuvad.",,Järise hoiuala (KLO2000307) Audru poldri looduskaitseala (KLO1000632) Pärnu rannaniidu looduskaitseala (KLO1000584) Silma looduskaitseala (KLO1000197) Puhtu-Laelatu looduskaitseala (KLO1000176) Matsalu rahvuspark (KLO1000300) Laidevahe looduskaitseala (KLO1000512) Mullutu-Loode looduskaitseala (KLO1000739),,,,,,,,False,"Hänilane (Motacilla flava) on olnud seotud erinevate seireaastatega, sealhulgas 2014. ja 2020. aastal, kuid 2014. ja 2020. aastal ei ole selle liigi täpset arvu teada. Audru poldri looduskaitsealal on linnuliikide arvukuse seire olulise osa, kus seiratakse lisaks hanedele ja luikedele ka muid rändlinde, sealhulgas hänilasi. 

Kaitse-eesmärkide hulka kuulub ka selle liigi elupaikade kaitse. Audru poldri alal peavad pesitsejatel olema sobivad tingimused pesitsemiseks, sealhulgas nutikalt planeeritud niidukoosluste hooldamine, karjatamine ja niitmine. Hooldustööd on vajalikud, et tagada elupaikade säilimine ja edendada ohustatud liikide, näiteks kuldhänilase pesitsemise edendamist. 

Kaitse-eeskirja kohaselt tuleb ka tähelepanu pöörata linnukaitse tõhususele, et seal pesitsevatel lindudel, sealhulgas hanilastel, oleks tagatud rahulik ja turvaline elupaik. Sevena päeva loomadele tuleb tagada piisavalt eluruumi ja toitu, et toetada nende edasist elu ja rände ajaligoliksust. 

Kokkuvõtvalt on hänilane Audru poldri looduskaitsealal oluline liik, mille kaitse ja hoolsus seondub laiemate loodushoiu eesmärkidega ning elupaikade hooldamise ja taastamise praktikatega."
kuldhänilane,Motacilla citreola,III,https://infoleht.keskkonnainfo.ee/lnim/-23995938,False,Luitemaa%20kaitsekorralduskava%2012.04.2021%20redaktsioon.pdf,Kaitsealune liik,Motacilla citreola,kuldhänilane,Citrine Wagtail,Linnud,III kategooria,,,5. Ohulähedane (21.04.2019),Eestis ohustab kuldhänilast sobivate elupaikade kinnikasvamine ja kuivendamine. Seevastu näiteks rannaniidu hooldamine koos niiskete osade vabastamisega lausroostikust ning lõugaste veepeeglite avamisega loob liigile ideaalilähedased toitumistingimused.,,Pärnu rannaniidu looduskaitseala (KLO1000584),,,,,,,,False,
vesipapp,Cinclus cinclus,III,https://infoleht.keskkonnainfo.ee/lnim/785096743,False,Luitemaa%20kaitsekorralduskava%2012.04.2021%20redaktsioon.pdf,Kaitsealune liik,Cinclus cinclus,vesipapp,White-throated Dipper,Linnud,III kategooria,,,8. Mittehinnatav (30.03.2019),,,Odalätsi maastikukaitseala (KLO1000590),,,,,,,,False,
hoburästas,Turdus viscivorus,III,https://infoleht.keskkonnainfo.ee/lnim/111761906,False,Luitemaa%20kaitsekorralduskava%2012.04.2021%20redaktsioon.pdf,Kaitsealune liik,Turdus viscivorus,hoburästas,Mistle Thrush,Linnud,III kategooria,,Linnudirektiivi II lisa B osa,6. Soodsas seisundis (31.03.2019),"Hoburästa asurkonna seisundit mõjutab metsaraie, täpsemalt metsade vanuse alanemine. Liik talub küll mõõdukat hooldusraiet, kuid väldib pesitsusbiotoobina täielikult nooremaid puistuid. Samuti näib hoburästast negatiivselt mõjutavat kuuse ohtra järelkasvu lisandumine pärast metsakuivendustöid, võibolla ka ühtlaste männikulaamade killustumine.",,Haavassoo looduskaitseala (KLO1000625) Järise hoiuala (KLO2000307) Uulu-Võiste maastikukaitseala (KLO1000651) Avaste looduskaitseala (KLO1000464) Pärnu maastikukaitseala (KLO1000603),,,,,,,,False,
hallõgija,Lanius excubitor,III,https://infoleht.keskkonnainfo.ee/lnim/1988650828,False,EE905_mgt200114.pdf,Kaitsealune liik,Lanius excubitor,hallõgija,Great Grey Shrike,Linnud,III kategooria,"Hallõgija (Lanius excubitor) on kohatise levikuga stabiilse arvukusega haudelind, kes on Eesti punase nimestiku järgi ohulähedases seisus ning arvatud looduskaitseseaduse alusel vähenevate elupaikade ja väheneva arvukusega liigina III kaitsekategooria kaitsealuste liikide hulka.",,4. Ohualdis (27.03.2019),,,Marimetsa looduskaitseala (KLO1000215) Kõrvemaa maastikukaitseala (KLO1000265) Peipsiveere looduskaitseala (KLO1000624) Alutaguse rahvuspark (KLO1000669) Nätsi-Võlla looduskaitseala (KLO1000201) Lihula looduskaitseala (KLO1000747) Nigula looduskaitseala (KLO1000213) Lavassaare looduskaitseala (KLO1000645) Avaste looduskaitseala (KLO1000464) Tuhu looduskaitseala (KLO1000664) Alam-Pedja looduskaitseala (KLO1000455) Luitemaa looduskaitseala (KLO1000282) Väinamere hoiuala (Läänemaa) (KLO2000241),,,,,,,,False,"Hallõgija (Lanius excubitor) on Eestis vähearvukas (300–500 paari) haudelind, kes pesitseb rabades. Alam-Pedja LKA-l on hallõgija pesitsusaladel fikseeritud pesitsusaja arvukus neljast viiest haudepaarist. Inventuuri tulemusena on hallõgija arvukus Alam-Pedja LLA-l püsinud kõrgel tasemel ja vajadusel planeeritakse täiendavaid meetmeid tema kaitseks. Hallõgija toitumine põhineb putukatel ja taotleb sobivaid elupaiku, sealhulgas niidukooslusi ja avamaastikke. Pesitsusaegne häirimine on hallõgija korral oht, mistõttu on ka tema elupaikade kaitse moodustanud osa Alam-Pedja Looduskaitseala eesmärgist, mis keskendub ka teiste kaitsealuste liikide ning nende elupaikade hõlmamisele."
koldvint,Serinus serinus,III,https://infoleht.keskkonnainfo.ee/lnim/-1974113356,False,Luitemaa%20kaitsekorralduskava%2012.04.2021%20redaktsioon.pdf,Kaitsealune liik,Serinus serinus,koldvint,European Serin,Linnud,III kategooria,,,4. Ohualdis (01.05.2019),Eestis märkimisväärsed ohutegurid puuduvad.,,,,,,,,,,False,
